,,,,,,,,,,,,,,,,,,,,,,,,,,,,,,,,,,,,,,,,,,,,,,,,,,,,,,,,,,,,,,,,,,,,,,,,,,,,,,,,,,,,,,,,,,,,,,,,,,,,,,,,,,,,,,,,,,,,,,,,,,,,,,,,,,,,,,,,,,,,,,,,,,,,,,,,,,,,
Theme: Economy & Prices,,,,,,,,,,,,,,,,,,,,,,,,,,,,,,,,,,,,,,,,,,,,,,,,,,,,,,,,,,,,,,,,,,,,,,,,,,,,,,,,,,,,,,,,,,,,,,,,,,,,,,,,,,,,,,,,,,,,,,,,,,,,,,,,,,,,,,,,,,,,,,,,,,,,,,,,,,,,
Subject: Prices and Price Indices,,,,,,,,,,,,,,,,,,,,,,,,,,,,,,,,,,,,,,,,,,,,,,,,,,,,,,,,,,,,,,,,,,,,,,,,,,,,,,,,,,,,,,,,,,,,,,,,,,,,,,,,,,,,,,,,,,,,,,,,,,,,,,,,,,,,,,,,,,,,,,,,,,,,,,,,,,,,
Topic: Consumer Price Index (CPI)/ Inflation Rate,,,,,,,,,,,,,,,,,,,,,,,,,,,,,,,,,,,,,,,,,,,,,,,,,,,,,,,,,,,,,,,,,,,,,,,,,,,,,,,,,,,,,,,,,,,,,,,,,,,,,,,,,,,,,,,,,,,,,,,,,,,,,,,,,,,,,,,,,,,,,,,,,,,,,,,,,,,,
"Table Title: Average Retail Prices Of Selected Consumer Items, Monthly",,,,,,,,,,,,,,,,,,,,,,,,,,,,,,,,,,,,,,,,,,,,,,,,,,,,,,,,,,,,,,,,,,,,,,,,,,,,,,,,,,,,,,,,,,,,,,,,,,,,,,,,,,,,,,,,,,,,,,,,,,,,,,,,,,,,,,,,,,,,,,,,,,,,,,,,,,,,
,,,,,,,,,,,,,,,,,,,,,,,,,,,,,,,,,,,,,,,,,,,,,,,,,,,,,,,,,,,,,,,,,,,,,,,,,,,,,,,,,,,,,,,,,,,,,,,,,,,,,,,,,,,,,,,,,,,,,,,,,,,,,,,,,,,,,,,,,,,,,,,,,,,,,,,,,,,,
Data last updated: 25/01/2023,,,,,,,,,,,,,,,,,,,,,,,,,,,,,,,,,,,,,,,,,,,,,,,,,,,,,,,,,,,,,,,,,,,,,,,,,,,,,,,,,,,,,,,,,,,,,,,,,,,,,,,,,,,,,,,,,,,,,,,,,,,,,,,,,,,,,,,,,,,,,,,,,,,,,,,,,,,,
Source: SINGAPORE DEPARTMENT OF STATISTICS,,,,,,,,,,,,,,,,,,,,,,,,,,,,,,,,,,,,,,,,,,,,,,,,,,,,,,,,,,,,,,,,,,,,,,,,,,,,,,,,,,,,,,,,,,,,,,,,,,,,,,,,,,,,,,,,,,,,,,,,,,,,,,,,,,,,,,,,,,,,,,,,,,,,,,,,,,,,
,,,,,,,,,,,,,,,,,,,,,,,,,,,,,,,,,,,,,,,,,,,,,,,,,,,,,,,,,,,,,,,,,,,,,,,,,,,,,,,,,,,,,,,,,,,,,,,,,,,,,,,,,,,,,,,,,,,,,,,,,,,,,,,,,,,,,,,,,,,,,,,,,,,,,,,,,,,,
,,,,,,,,,,,,,,,,,,,,,,,,,,,,,,,,,,,,,,,,,,,,,,,,,,,,,,,,,,,,,,,,,,,,,,,,,,,,,,,,,,,,,,,,,,,,,,,,,,,,,,,,,,,,,,,,,,,,,,,,,,,,,,,,,,,,,,,,,,,,,,,,,,,,,,,,,,,,Dollar
Data Series,2022 Dec ,2022 Nov ,2022 Oct ,2022 Sep ,2022 Aug ,2022 Jul ,2022 Jun ,2022 May ,2022 Apr ,2022 Mar ,2022 Feb ,2022 Jan ,2021 Dec ,2021 Nov ,2021 Oct ,2021 Sep ,2021 Aug ,2021 Jul ,2021 Jun ,2021 May ,2021 Apr ,2021 Mar ,2021 Feb ,2021 Jan ,2020 Dec ,2020 Nov ,2020 Oct ,2020 Sep ,2020 Aug ,2020 Jul ,2020 Jun ,2020 May ,2020 Apr ,2020 Mar ,2020 Feb ,2020 Jan ,2019 Dec ,2019 Nov ,2019 Oct ,2019 Sep ,2019 Aug ,2019 Jul ,2019 Jun ,2019 May ,2019 Apr ,2019 Mar ,2019 Feb ,2019 Jan ,2018 Dec ,2018 Nov ,2018 Oct ,2018 Sep ,2018 Aug ,2018 Jul ,2018 Jun ,2018 May ,2018 Apr ,2018 Mar ,2018 Feb ,2018 Jan ,2017 Dec ,2017 Nov ,2017 Oct ,2017 Sep ,2017 Aug ,2017 Jul ,2017 Jun ,2017 May ,2017 Apr ,2017 Mar ,2017 Feb ,2017 Jan ,2016 Dec ,2016 Nov ,2016 Oct ,2016 Sep ,2016 Aug ,2016 Jul ,2016 Jun ,2016 May ,2016 Apr ,2016 Mar ,2016 Feb ,2016 Jan ,2015 Dec ,2015 Nov ,2015 Oct ,2015 Sep ,2015 Aug ,2015 Jul ,2015 Jun ,2015 May ,2015 Apr ,2015 Mar ,2015 Feb ,2015 Jan ,2014 Dec ,2014 Nov ,2014 Oct ,2014 Sep ,2014 Aug ,2014 Jul ,2014 Jun ,2014 May ,2014 Apr ,2014 Mar ,2014 Feb ,2014 Jan ,2013 Dec ,2013 Nov ,2013 Oct ,2013 Sep ,2013 Aug ,2013 Jul ,2013 Jun ,2013 May ,2013 Apr ,2013 Mar ,2013 Feb ,2013 Jan ,2012 Dec ,2012 Nov ,2012 Oct ,2012 Sep ,2012 Aug ,2012 Jul ,2012 Jun ,2012 May ,2012 Apr ,2012 Mar ,2012 Feb ,2012 Jan ,2011 Dec ,2011 Nov ,2011 Oct ,2011 Sep ,2011 Aug ,2011 Jul ,2011 Jun ,2011 May ,2011 Apr ,2011 Mar ,2011 Feb ,2011 Jan ,2010 Dec ,2010 Nov ,2010 Oct ,2010 Sep ,2010 Aug ,2010 Jul ,2010 Jun ,2010 May ,2010 Apr ,2010 Mar ,2010 Feb ,2010 Jan 
Premium Thai Rice (Per 5 Kilogram),13.23,13.28,12.93,12.98,13.31,13.42,13.46,13.01,13.43,12.9,12.9,13.01,13.02,13.33,13.59,13.12,13.09,13.27,13.48,13.54,13.61,13.6,13.47,13.38,13.54,13.56,13.57,13.79,13.9,13.9,14,14.1,14.08,13.68,13.79,13.05,13.64,13.72,13.57,13.68,13.25,13.23,13.74,13.59,13.22,13.26,12.96,13.21,13.28,13.34,13.27,13.25,13.12,13.22,13.2,13.16,12.95,12.82,12.38,12.68,12.65,13.19,13.15,12.61,12.75,13.06,12.98,13.17,13.37,13.3,13.05,12.87,12.92,13.17,13.31,13.34,12.95,12.89,13.1,13.15,13.36,13.33,12.8,13.18,13.28,13.31,13.18,12.75,12.73,13.21,13.03,13.07,12.99,13.14,12.74,13.45,13.31,13.34,13.22,13.23,12.82,13.37,13.12,13.32,12.85,12.92,12.57,12.72,12.75,12.99,13.01,12.65,12.55,12.95,12.91,12.91,12.83,12.67,12.46,12.68,12.83,12.67,12.75,12.3,12.61,12.61,12.64,12.75,12.66,12.75,12.72,12.71,12.63,12.52,12.36,12.38,12.16,12.39,12.3,12.5,12.48,12.68,12.41,12.6,12.63,12.71,12.67,12.3,12.35,12.57,12.67,12.58,12.55,12.33,11.84,11.99
Ordinary White Bread (Per 400 Gram),1.91,1.91,1.91,1.89,1.89,1.89,1.88,1.88,1.88,1.8,1.8,1.8,1.76,1.76,1.76,1.74,1.74,1.74,1.74,1.74,1.74,1.74,1.74,1.74,1.72,1.72,1.72,1.74,1.74,1.74,1.74,1.74,1.74,1.74,1.74,1.74,1.74,1.74,1.74,1.74,1.74,1.74,1.72,1.72,1.72,1.72,1.72,1.72,1.7,1.7,1.7,1.69,1.69,1.69,1.69,1.69,1.65,1.65,1.65,1.63,1.63,1.63,1.63,1.63,1.63,1.63,1.63,1.63,1.63,1.63,1.63,1.63,1.63,1.63,1.63,1.62,1.62,1.62,1.62,1.62,1.62,1.62,1.62,1.62,1.62,1.62,1.62,1.62,1.62,1.62,1.62,1.57,1.57,1.57,1.57,1.57,1.57,1.57,1.57,1.57,1.57,1.57,1.57,1.57,1.57,1.57,1.56,1.56,1.49,1.49,1.49,1.49,1.49,1.49,1.49,1.49,1.49,1.49,1.48,1.48,1.48,1.48,1.47,1.46,1.46,1.46,1.46,1.46,1.46,1.46,1.46,1.46,1.46,1.46,1.46,1.46,1.46,1.46,1.46,1.46,1.44,1.44,1.44,1.4,1.4,1.39,1.39,1.4,1.4,1.4,1.4,1.4,1.4,1.4,1.4,1.4
Vitamin Enriched Bread (Per 400 Gram),1.97,1.92,1.74,1.74,1.73,1.83,1.82,1.78,1.76,1.76,1.74,1.74,1.74,1.74,1.74,1.62,1.62,1.62,1.62,1.74,1.74,1.56,1.56,1.56,1.56,1.56,1.56,1.74,1.74,1.69,1.74,1.74,1.56,1.56,1.56,1.56,1.74,1.62,1.62,1.62,1.62,1.62,1.63,1.63,1.63,1.62,1.75,1.75,1.88,1.88,1.87,1.88,1.88,1.88,1.84,1.82,1.67,1.88,1.78,1.73,1.79,1.79,1.78,1.79,1.79,1.79,1.79,1.65,1.79,1.88,1.88,1.88,1.88,1.88,1.88,1.88,1.88,1.88,1.87,1.88,1.88,1.88,1.88,1.88,1.87,1.87,1.87,1.87,1.87,1.87,1.89,1.89,1.89,1.89,1.89,1.89,1.89,1.89,1.89,1.89,1.89,1.87,1.87,1.87,1.87,1.89,1.89,1.89,1.76,1.71,1.71,1.71,1.68,1.68,1.67,1.64,1.64,1.64,1.64,1.64,1.64,1.64,1.58,1.58,1.58,1.55,1.64,1.64,1.64,1.55,1.58,1.58,1.64,1.64,1.64,1.61,1.64,1.55,1.55,1.49,1.56,1.56,1.62,1.64,1.64,1.64,1.64,1.64,1.64,1.64,1.64,1.64,1.58,1.58,1.64,1.64
Wholemeal Bread (Per 400 Gram),2.34,2.28,2.26,2.23,2.23,2.19,2.15,2.09,2.09,2.15,2.13,2.13,2.13,2.13,2.13,2.13,2.11,2.11,2.11,2.11,2.07,2.03,2.03,2.1,2.1,2.1,2.11,2.02,2.03,2.13,2.11,2.11,2.13,2.11,2.12,2.13,2.12,2.03,2.02,2.02,2.12,2.02,2.04,2.03,2.14,2.14,2.07,2.14,2.05,2.05,2.05,2.05,2.05,2.04,2.05,2.05,2.04,2.03,1.94,1.92,2.03,2.04,2.04,2.04,2.03,2.04,2.04,2.04,2.03,2.04,2.04,2.04,2.04,2.04,2.04,2.04,2.03,2.04,2.02,2.04,2.04,2.04,2.04,2.04,2.02,2.02,2.02,2.02,2.02,2.03,2.05,2.05,2.05,2.05,2.05,2.05,2.05,2.05,2.05,2.04,2.05,2.05,2.05,2.05,2.04,2.04,2.05,2.05,na,na,na,na,na,na,na,na,na,na,na,na,na,na,na,na,na,na,na,na,na,na,na,na,na,na,na,na,na,na,na,na,na,na,na,na,na,na,na,na,na,na,na,na,na,na,na,na
Instant Noodles (Per 5 Packets),2.74,2.71,2.71,2.72,2.39,2.62,2.65,2.57,2.55,2.56,2.43,2.37,2.46,2.43,2.44,2.38,2.2,2.27,2.44,2.4,2.41,2.35,2.35,2.32,2.36,2.34,2.31,2.28,2.21,2.25,2.35,2.4,2.36,2.27,2.29,2.2,2.28,2.27,2.23,2.25,2.19,2.18,2.23,2.28,2.25,2.24,2.24,2.24,2.26,2.29,2.27,2.25,2.2,2.21,2.28,2.31,2.32,2.31,2.26,2.26,2.28,2.3,2.3,2.19,2.17,2.24,2.25,2.31,2.26,2.27,2.25,2.27,2.28,2.3,2.3,2.27,2.17,2.21,2.27,2.27,2.29,2.25,2.23,2.24,2.25,2.25,2.24,2.14,2.12,2.17,2.22,2.12,2.23,2.21,2.21,2.15,2.16,2.18,2.27,2.24,2.16,2.19,2.25,2.19,2.17,2.25,2.21,2.22,2.25,2.27,2.28,2.2,2.13,2.22,2.2,2.21,2.24,2.25,2.25,2.23,2.24,2.2,2.27,2.18,2.15,2.23,2.25,2.25,2.24,2.24,2.24,2.24,2.25,2.25,2.26,2.25,2.24,2.24,2.22,2.26,2.24,2.22,2.2,2.18,2.18,2.19,2.2,2.17,2.13,2.17,2.15,2.18,2.18,2.15,2.13,2.12
"Lean Pork, Chilled (Per Kilogram)",16.46,16.34,16.52,16.55,16.59,15.62,16.15,14.68,15.2,15.74,15.84,15.73,15.54,15.57,15.83,15.24,15.04,15.46,15.8,15.18,15.23,14.74,14.75,15.31,15.25,14.94,15.49,15.65,15.75,15.29,15.79,16.02,15.74,14.98,14.46,14.47,14.3,13.78,13.91,13.76,14.03,13.93,13.98,13.95,14.03,14.17,13.81,13.95,13.79,13.52,13.85,13.77,13.85,13.84,13.87,13.57,13.71,13.63,13.67,13.66,13.84,13.63,13.92,13.79,13.95,13.68,13.49,13.61,13.39,13.47,13.84,13.8,13.84,13.94,13.72,13.85,13.86,13.72,13.61,13.65,13.74,13.8,14.17,13.81,13.53,13.61,13.22,13.36,13.26,12.88,13.15,13.29,13.24,13.36,13.68,13.19,13.17,13.14,13.01,13.25,13.26,13.12,13.07,13.18,13.23,13.34,13.46,13.3,13.12,13.17,13.19,13.11,13.06,13.13,13.12,13.14,13.12,12.92,13.5,13.15,13.1,13.05,13.06,13.12,13.04,13,13.05,13,12.97,12.88,13.07,13.46,12.85,12.73,12.62,12.57,12.64,12.52,12.68,12.77,12.76,12.65,13.27,12.96,12.58,12.55,12.65,12.63,12.74,12.65,12.53,12.69,12.7,12.68,12.89,12.63
"Streaky Pork, Chilled (Per Kilogram)",19.02,19.02,19.11,19.09,18.95,18.75,18.86,18.16,17.73,18.11,18.12,18.04,17.98,17.69,17.99,17.99,17.33,17.09,17.21,17.23,17.09,16.83,16.75,16.66,16.61,16.61,16.66,17.62,17.79,17.41,17.67,17.77,17.16,16.78,17.1,17.09,15.98,15.54,15.65,15.56,15.55,15.59,15.65,15.65,15.69,15.69,15.78,15.7,15.65,15.84,15.61,15.78,15.63,15.9,15.61,15.46,15.91,16,16.17,15.85,15.76,15.76,15.76,15.82,15.92,15.36,15.62,15.52,15.62,15.81,15.83,15.91,15.77,15.77,15.77,15.74,15.73,15.73,15.77,15.78,15.6,15.73,16.05,15.69,15.29,15.33,15.16,15.07,14.99,14.64,15.07,14.96,14.94,14.82,15.42,14.85,14.87,14.91,14.82,14.91,14.91,14.85,14.82,14.76,14.78,14.84,14.97,15.05,14.72,14.85,14.74,14.68,14.68,14.69,14.63,14.57,14.6,14.59,14.85,14.48,14.46,14.44,14.41,14.42,14.44,14.4,14.32,14.31,14.31,14.29,14.3,14.74,14.02,13.96,13.94,13.92,13.92,13.89,13.86,13.78,13.77,13.77,14.14,13.9,13.72,13.67,13.67,13.66,13.62,13.59,13.6,13.63,13.61,13.61,13.8,13.25
"Pork Rib Bones, Chilled (Per Kilogram)",20.52,20.01,20.08,20.41,19.37,19.25,19.89,19.37,18.46,18.35,18.18,18.14,18.05,17.53,18.46,18.05,17.83,18.64,17.66,18.34,18.4,18.13,17.62,17.61,17.77,17.74,17.22,19.22,19.45,18.97,19.28,19.24,19.3,19.09,17.41,17.44,17.78,17.11,16.87,16.72,16.61,16.92,16.55,16.89,16.52,17.1,17.34,16.49,17.26,17.33,17.43,17.38,17.08,17.1,17.71,17.19,16.98,17.03,17.79,17.46,17.51,17.45,16.99,17.64,17.58,17.49,17.32,17.01,16.79,17.15,17.48,17.59,17.37,17.37,16.86,16.99,16.94,17.22,17.5,17.2,17,17.22,17.44,17.33,17.03,16.92,16.67,16.85,16.97,16.32,16.79,16.56,16.73,15.99,17.04,16.75,16.49,16.39,16.59,15.94,16.5,16.42,16.09,16.6,16.5,16.67,16.72,16.39,16.12,16.53,16.23,16.32,16.24,16.45,16.53,16.4,16.32,16.19,16.85,16.66,16.51,16.59,16.54,16.52,16.55,16.54,16.5,16.34,16.3,16.35,16.32,16.73,16.23,15.94,16.04,16.13,16.17,16.04,16.16,16.05,16.11,16.07,16.52,16.09,15.91,15.86,15.91,15.92,15.73,15.89,15.87,15.95,15.84,15.84,15.93,15.43
"Beef, Chilled (Per Kilogram)",29.16,28.79,28.5,28.41,28.48,28.68,28.61,28.61,28.61,28.61,28.61,28.61,28.73,29.05,29.05,29.05,28.72,28.56,28.97,28.97,28.97,28.79,28.79,27.27,26,24.43,25.69,24.87,24.85,24.85,24.45,24.45,25.74,25.74,25.57,25.57,25.57,25.39,25.27,24.78,24.7,24.7,24.7,24.7,25.05,24.7,24.7,24.7,24.9,24.9,24.49,25,24.79,24.99,24.99,24.99,24.99,24.99,24.67,24.92,24.92,24.68,24.69,24.69,24.22,24.22,24.06,23.83,23.95,23.72,23.95,23.95,23.95,23.9,23.95,23.74,23.95,23.59,23.95,23.74,23.95,23.64,23.95,23.95,23.95,23.73,23.01,23.26,23.26,23.64,22.63,23.64,23.13,23.29,22.84,22.91,22.97,22.6,21.99,22.75,22.98,22.55,22.49,22.8,22.49,22.77,22.64,22.75,na,na,na,na,na,na,na,na,na,na,na,na,na,na,na,na,na,na,na,na,na,na,na,na,na,na,na,na,na,na,na,na,na,na,na,na,na,na,na,na,na,na,na,na,na,na,na,na
"Mutton, Chilled (Per Kilogram)",26.57,26.38,25.88,26.56,25.88,25.61,24.99,24.59,24.59,24.59,24.59,24.59,25.21,24.54,22.2,22.2,23.28,23.28,21.25,21.25,21.25,20.52,20.52,20.52,21.94,21.94,21.94,21.94,21.94,22.29,22.64,21.94,21.94,21.94,21.94,21.94,19.93,19.93,19.93,19.93,19.93,19.93,19.93,19.93,19.93,19.93,19.93,19.62,19.22,19.22,19.22,18.56,18.27,18.27,18.27,18.27,18.27,18.27,18.27,18.27,18.27,18.27,18.27,18.27,18.27,18.27,18.27,18.27,18.27,18.27,18.27,18.27,18.27,18.27,18.27,18.27,18.27,18.27,18.27,18.27,18.27,18.27,18.27,18.27,18.27,18.27,18.27,18.27,18.27,18.27,18.27,18.27,18.27,17.83,17.79,17.79,17.79,17.79,17.79,17.79,17.79,17.79,17.79,17.79,17.79,17.79,17.79,17.79,17.79,17.79,17.79,18.04,18.27,18.27,17.79,17.79,17.79,17.79,17.79,17.79,17.79,17.79,17.79,17.79,17.79,17.79,17.79,17.79,17.79,17.79,17.79,17.79,17.79,17.79,17.79,17.79,17.79,17.79,17.79,17.79,17.79,17.79,16.99,16.26,16.26,16.26,15.98,15.88,15.31,15.41,15.33,14.59,14.09,14.09,14.09,14.09
"Whole Chicken, Chilled (Per Kilogram)",8.91,8.92,9.36,8.59,8.56,8.5,8.39,7.22,7.21,6.6,6.55,6.5,6.38,6.35,6.31,6.35,6.32,6.33,6.31,6.34,6.31,6.37,6.4,6.35,6.35,6.37,6.38,6.31,6.25,6.27,6.32,6.32,6.32,6.36,6.35,6.29,6.38,6.39,6.33,6.37,6.37,6.3,6.38,6.23,6.38,6.39,6.32,6.43,6.47,6.3,6.45,6.49,6.26,6.45,6.44,6.43,6.45,6.44,6.47,6.57,6.53,6.57,6.58,6.63,6.58,6.62,6.62,6.62,6.53,6.56,6.56,6.54,6.49,6.49,6.46,6.51,6.28,6.23,6.2,6.29,6.22,6.27,6.29,6.41,6.14,6.16,6.1,6.08,5.94,5.96,6.11,6.17,6.05,6.15,6.27,6.14,6.14,6.1,6.09,6.09,6.07,6.09,6.05,6.05,6.07,6.35,6.31,6.3,6.09,6.14,6.11,6.09,5.98,5.79,5.85,5.82,5.89,5.92,5.97,5.9,5.87,5.85,5.85,5.85,5.87,5.85,5.85,5.88,5.93,5.85,5.89,5.93,6.01,5.69,5.79,5.78,5.84,5.84,5.8,5.86,5.88,5.79,5.83,5.73,5.65,5.71,5.67,5.64,5.63,5.58,5.49,5.4,5.37,5.42,5.47,5.4
"Chicken Wing, Chilled (Per Kilogram)",11.67,11.66,11.21,11.35,11.41,11.32,11.21,10.43,9.45,8.75,8.8,8.76,8.71,8.28,8.25,8.25,8.25,8.16,8.1,8.16,8.17,8.28,8.31,8.28,8.31,8.26,8.24,8.19,8.41,8.43,8.42,8.67,8.67,8.52,8.52,8.52,8.37,8.38,8.38,8.38,8.37,8.37,8.38,8.38,8.41,8.44,8.44,8.44,8.04,8.05,8.06,8.05,8.06,8.05,8.05,8.07,8.03,8.02,8.08,8.07,8.08,8.08,8.08,8.09,8,8,7.97,8,8.01,8,8,8,8.01,8.02,8.01,8.01,8.02,7.95,8.02,8.09,8.06,8.07,8.14,8.04,7.77,7.78,7.8,7.74,7.75,7.78,8.11,8.11,8,7.87,8.01,7.96,7.87,7.88,7.81,7.81,7.87,7.9,7.95,7.93,7.95,7.9,7.81,7.75,na,na,na,na,na,na,na,na,na,na,na,na,na,na,na,na,na,na,na,na,na,na,na,na,na,na,na,na,na,na,na,na,na,na,na,na,na,na,na,na,na,na,na,na,na,na,na,na
"Duck, Chilled (Per Kilogram)",8.93,8.75,8.32,8.46,8.42,8.1,7.9,7.79,7.75,7.37,7.33,7.2,7.18,7.1,7.09,7.03,7.07,7.06,7.08,7.08,7.09,7.1,7.12,7.08,7.08,7.17,7.18,7.14,7.13,7.29,7.29,7.29,7.18,7.04,7.12,7.12,7.11,7.12,7.07,7.09,7.1,7.1,7.01,7.06,6.95,7.04,6.9,6.96,7.29,7.4,7.41,7.43,7.39,7.44,7.44,7.44,7.31,7.35,7.33,7.35,7.3,7.32,7.32,7.34,7.31,7.31,7.34,7.35,7.35,7.35,7.34,7.32,7.33,7.33,7.34,7.26,7.22,6.95,6.91,6.98,6.99,6.91,6.96,6.91,6.91,6.91,6.91,7.11,6.93,6.91,6.93,6.98,6.96,7.03,7.06,6.74,6.78,6.82,6.84,6.82,6.79,6.8,6.82,6.84,6.82,6.82,6.9,6.9,6.74,6.75,6.88,6.9,6.9,6.88,6.99,6.87,6.87,6.87,6.96,6.85,6.77,6.77,6.74,6.77,6.72,6.69,6.75,6.72,6.7,6.75,6.85,6.78,7,6.68,6.74,6.75,6.79,6.55,6.65,6.8,6.88,6.8,6.93,6.79,6.65,6.64,6.63,6.64,6.7,6.62,6.55,6.5,6.49,6.53,6.59,6.56
"Lean Pork, Frozen (Per 500 Gram)",5.13,5.16,4.88,4.88,4.87,4.89,4.89,4.88,4.83,4.83,4.83,4.83,4.83,4.83,4.83,4.83,4.83,4.86,4.83,4.83,4.83,4.83,4.75,4.83,4.82,4.77,5.05,5.07,5.08,5.06,5.06,5.06,5.06,4.89,4.45,4.44,4.34,4.34,4.3,4.28,4.36,4.35,4.36,4.37,4.37,4.37,4.38,4.18,4.37,4.36,4.37,4.36,4.37,4.37,4.36,4.34,4.34,4.18,4.38,4.37,4.22,4.37,4.37,4.53,4.31,4.21,4.38,4.28,4.3,4.44,4.44,4.44,4.44,4.44,4.44,4.44,4.44,4.44,4.28,3.91,4.05,3.92,3.94,4.05,4.05,4.27,4.27,4.38,4.07,4.44,4.37,4.44,4.42,4.3,4.44,4.44,4.44,4.44,4.44,4.39,4.28,4.33,4.37,4.37,4.2,4.44,4.4,4.37,na,na,na,na,na,na,na,na,na,na,na,na,na,na,na,na,na,na,na,na,na,na,na,na,na,na,na,na,na,na,na,na,na,na,na,na,na,na,na,na,na,na,na,na,na,na,na,na
"Pork Rib Bones, Frozen (Per 500 Gram)",6.12,6.12,6.11,6.11,6.1,6.12,6.11,6.09,5.84,6.06,6.08,6.08,6.08,6.08,6.08,6.08,6.08,6.12,6.08,6.09,6.09,6.09,6.09,6.08,6.08,6.07,6.09,6.09,6.09,6.09,6.06,6.06,6.06,5.47,5.32,5.08,4.99,3.71,4.93,4.82,3.85,4.56,4.75,3.73,4.87,5.12,4.24,5.05,5,3.99,4.92,4.87,5.05,4.9,4.95,4.93,5.11,4.99,4.87,5.1,5.25,4.87,4.91,4.92,4.69,5.13,4.97,4.77,5.08,5.08,5.25,5.08,5.09,4.21,5.01,5.01,5.01,5.14,4.73,4.64,4.52,4.52,4.79,4.65,4.75,5.17,5.25,4.56,3.89,5.15,5.1,5.2,5.11,5.15,5.14,5.11,5.13,5.18,5.13,5.15,4.93,5.03,5.19,5.13,5.06,5.22,5.08,5.15,na,na,na,na,na,na,na,na,na,na,na,na,na,na,na,na,na,na,na,na,na,na,na,na,na,na,na,na,na,na,na,na,na,na,na,na,na,na,na,na,na,na,na,na,na,na,na,na
Cod Fish (Per Kilogram),65.27,65.12,65.06,64.91,65.91,65.76,66.32,66.76,66.9,66.27,65.88,68.2,66.44,65.57,62.84,62.84,60.96,60.65,61.73,62.39,62.52,64.44,65.47,65.75,65.91,64.72,65.79,65.6,64.99,65.54,65.77,63.79,66.78,65.72,65.99,66.97,66.17,65.74,66.46,66.09,66.33,66.08,66.38,66.71,65.39,65.81,65,66.55,66.07,65.41,65.65,65.08,64.93,65.9,65.64,65.22,64.92,64.8,65.79,65.25,65.42,65.16,64.66,64.82,64.27,65.26,64.51,65.46,65.77,65.73,64.2,65.38,64.01,62.09,61.66,62.35,60.89,60.51,59.64,59.38,55.9,55.39,55.87,56.47,55.05,53.78,53.9,54.14,52.75,50.53,49.71,49.39,50.39,49.7,50.24,49.79,49.04,48.72,48.42,48.45,49.24,48.48,48.68,48.5,48.42,47.83,48.36,49.07,49.2,49.65,49.51,49.93,49.88,49.61,49.8,49.8,49.19,48.88,49.62,49.94,49.98,50.19,49.37,49.45,49.23,49.06,48.89,48.32,47.93,47.18,47.97,48.65,49.03,47.81,47.41,47.02,46.23,46.38,46.02,46.37,46.49,45.42,43.75,43.67,42.25,41.3,41.31,40.93,40.74,39.81,38.64,39.28,39.07,38.12,38.5,37.58
Gold Banded Scad (Kuning) (Per Kilogram),9.43,9.51,9.44,9.61,9.76,9.69,9.4,9.5,9.2,9.15,9.57,9.64,9.49,9.5,9.66,9.44,9.32,8.93,8.71,8.89,8.36,8.26,8.44,8.32,8.06,7.98,7.84,8.28,8.47,8.07,8.03,8.13,8.29,8.43,8.45,8.48,8.25,8.05,8.37,8.13,8.85,8.34,8.1,8.24,8.1,7.91,8.21,8.61,8.06,7.84,7.85,8.01,8.09,8.06,7.86,8.02,7.72,7.66,8.03,7.8,7.33,7.4,7.44,7.15,7.21,7.26,7.31,7.17,7.03,7.1,7.18,7.41,6.97,6.77,6.89,6.76,6.94,7.1,7.03,6.97,6.7,7.24,7.25,7.16,6.69,6.79,6.9,6.81,6.8,6.99,7.04,6.93,6.83,6.94,7.48,7.33,6.87,6.73,6.63,6.69,7.03,7.04,6.75,6.57,6.54,6.62,6.75,7.08,6.6,6.6,6.53,6.63,6.66,6.46,6.35,6.37,6.48,6.48,6.81,6.82,6.58,6.58,6.56,6.77,6.82,6.65,6.46,6.39,6.26,6.51,6.39,6.92,6.51,6.27,6.4,6.42,6.38,6.26,5.98,5.88,5.86,5.85,5.67,5.85,5.68,5.82,5.81,5.78,5.76,5.74,5.74,5.68,5.72,5.59,5.66,5.58
Flowery Grouper (Per Kilogram),15.24,15.42,15.27,15.34,14.97,15.36,14.65,14.48,13.38,13.72,13.78,15.33,14.04,13.29,13.07,13.52,13.04,13.05,12.59,12.81,12.97,13.51,14.48,13.94,13.01,13.78,13.29,13.05,13.08,12.99,15.29,13.26,13.26,13.43,14.62,15.99,14.8,13.57,14.8,14.81,14.56,15.02,13.93,12.55,13.66,13.4,14.47,13.93,13.51,13.11,13.29,14.55,13.88,13.84,13.04,12.71,12.79,14.12,16.11,14.4,13.51,13.78,13.87,14.5,14.73,13.96,14.03,14.38,13.91,14.25,14.06,15.26,14.11,14.33,14.28,14.59,14.39,14.63,14.37,14.05,13.67,14.18,15.6,15.07,13.23,13.37,13.45,13.69,13.67,13.87,13.89,13.77,14.01,14.54,15.12,14.01,13.74,13.92,13.66,13.82,13.97,13.73,13.43,13.26,13.33,13.41,14.43,14.77,13.99,14.05,14.45,15.02,14.89,14.51,14.18,14.22,14.08,14.24,16.69,15.25,13.99,14.14,14.3,14.71,14.84,14.69,14.34,14.35,14.51,14.43,14.8,16.33,14.05,14.32,14.7,14.96,14.84,14.29,14.27,13.59,14.12,13.93,14.37,13.89,12.89,13.06,13,13.25,13.01,12.81,12.46,12.83,13.15,13.1,14.44,13.02
White Pomfret (Per Kilogram),31.82,31.26,30.37,30.46,31.32,31.68,34.12,34.17,32.83,32.79,33.9,36.57,29.96,28.65,27.66,28.49,30.67,29.34,29.39,28.98,26.25,27.13,33.03,30.95,29.31,28.5,31.22,30.3,29.03,29.25,28.94,28.89,28.82,28.81,32.67,36.08,29.4,28.3,28.36,29.13,28.88,29.66,28.41,28.56,27.23,29.78,30.56,30.47,28.36,28.43,29.04,29.82,28.34,30.36,30.06,28.65,29.08,28.52,35.28,30.16,28.93,27.53,27.69,28.15,29.19,29.85,28.29,28.24,27.22,27.51,28.52,33.18,26.75,27.41,27.59,27.23,27.92,28.07,27.49,27.08,26.08,26.81,28.98,30.45,27.3,25.87,26.84,26.2,26.64,26.14,25.36,25.02,24.44,25.64,30.89,25.09,24.52,24.03,24.6,24.42,25.33,24.53,24.36,23.9,24.03,24.39,25.98,30.14,25.17,24.84,24.45,24.48,24.35,24.21,23.51,23.56,22.7,23.82,29.94,25.38,23,23.14,23.97,24.41,24.52,24.67,24.23,23.96,24.09,24.85,25.9,30.41,24.57,24.39,24.24,24.82,23.99,23.34,23.07,22.91,22.94,23.37,26.81,26.91,22.45,22.22,21.93,22.51,22.57,22.13,21.17,20.7,20.85,19.94,24.92,20.86
Salmon (Per Kilogram),34.05,33.22,33.04,33.72,35.46,37.16,37.3,37.72,35.29,33.08,31.42,31.42,29.9,30.28,28.73,28.54,28.48,29.44,29.51,29.59,29.71,29.93,29.9,29.72,29.47,30.06,30.16,30.06,29.15,29.79,30.22,29.85,29.69,29.75,29.76,29.98,29.96,29.91,30.03,30.21,29.97,29.85,29.71,30.23,30.38,30.38,30.1,30.34,30.26,30.45,30.58,30.62,30.75,31.38,31.69,31.4,31.62,31,31.08,30.72,30.41,30.76,30.46,31.08,31.38,32.24,31.26,31.14,31.46,31.33,31.9,31.95,30.24,29.77,29.4,29.68,29.63,29.64,29.14,28.26,27.64,27.63,27.68,27.67,26.78,26.74,26.61,26.84,26.74,26.87,27.1,27.55,27.74,28.02,28.56,27.58,27.64,27.33,27.26,27.27,27.58,27.5,27.48,27.35,27.45,27.45,27.09,27.61,26.43,26.38,26.27,26.33,26.96,26.79,26.69,26.34,26.1,25.96,25.69,24.76,24.6,25.19,24.61,25.38,25.27,25.63,25.8,26,25.56,25.86,25.57,25.45,24.97,25.39,25.98,25.68,26.19,26.5,26.74,26.88,26.82,25.91,26.75,26.27,25.81,25.61,25.53,25.58,25.52,25.66,25.29,25.37,24.91,24.19,24.31,23.42
Sea Bass (Per Kilogram),11.86,11.47,11.98,13.39,13.74,13.14,12.72,12.02,11.4,11.26,11.72,11.9,11.53,11.54,12.03,11.79,12.34,11.6,11.12,11.86,11.53,11.32,11.88,11.59,11.6,11.38,11.77,11.42,11.42,11.75,11.38,11.22,12.06,11.61,12.11,12.7,11.37,11.45,11.93,12.03,11.69,12.15,12.1,11.8,11.76,12.14,12.63,12.07,11.68,12.08,11.75,12.04,12.13,12.64,12.08,12.07,11.22,10.99,12.99,12.19,11.96,12.01,11.86,11.8,12.56,12.65,12.23,12.19,12.29,12.07,12.19,12.44,12.38,12.3,12.48,11.97,12.26,12.46,12.44,12.14,12.64,12.6,13.63,12.07,11.56,11.61,11.44,11.84,11.39,11.64,11.7,12.58,12.21,12.41,12.82,12.48,12.69,12.59,12.53,12.87,12.96,12.87,12.37,12.14,11.73,11.64,11.71,12.1,11.74,12.22,12.14,12.6,12.45,12.39,12.03,12.14,12.03,12.6,12.92,12.16,12.31,12.14,12.07,12.48,12.82,12.64,12.53,12.52,12.3,12.63,11.93,13.12,12.66,12.85,13.53,12.93,12.55,12.82,12.53,11.53,10.9,10.94,11.26,11.3,10.81,10.84,11.07,10.98,11.13,10.65,10.63,10.34,10.31,10.35,10.55,10.31
Sea Bream (Ang Ko Li) (Per Kilogram),11.52,11.41,12.01,12.2,12.4,12.2,11.95,12.44,12.18,11.86,12.34,12.55,12.38,11.89,12.13,11.75,11.24,11.39,11.1,11.23,10.8,10.55,10.43,10.15,9.93,9.61,9.78,9.84,10.34,9.55,9.96,10.06,10.06,9.92,9.86,10.24,10,9.87,9.88,9.89,9.92,9.91,10.12,10.03,10.06,9.96,9.75,10.09,9.55,9.47,9.91,9.89,10.07,10.12,9.7,9.56,9.45,9.6,10.43,10.38,9.11,9.04,9.16,9.16,9.5,9.24,8.83,8.66,8.68,8.75,8.84,9.18,8.65,8.67,8.79,8.72,8.74,9.14,8.95,8.76,8.61,8.69,8.99,9.02,8.71,8.48,8.63,8.58,8.63,8.65,8.54,8.33,8.52,8.59,8.76,8.8,8.59,8.52,8.6,8.58,8.68,8.79,8.78,8.47,8.38,8.4,8.7,8.76,8.46,8.49,8.48,8.57,8.49,8.32,8.19,8.32,8.45,8.43,8.57,8.44,8.36,8.23,8.14,8.3,8.39,8.39,8.37,7.98,8.06,8.06,8.47,8.44,7.85,7.82,7.75,7.68,7.63,7.64,7.47,7.37,7.29,7.27,7.4,7.56,7.28,7.21,7.31,7.25,7.21,7.21,7.17,7.18,7.25,7.18,7.34,7.09
Golden Snapper (Per Kilogram),20.29,19.96,19.73,20.77,20.41,19.33,19.12,19.08,19.77,19.5,19.6,22.44,18.45,17.99,18.25,18.25,18.48,19.1,17.41,19.22,19.09,20.24,22.02,20.71,18.94,19,17.64,18.36,19.12,19.51,18.46,18.46,19.32,18.39,17.63,20.67,19.06,18.43,18.28,18.1,18.26,18.85,17.84,17.87,17.44,18,19.35,19.92,19.05,18.46,18.75,18.49,19.63,18.72,19.41,18.08,18.81,18.8,20,19.23,18.68,18.43,18.6,19.05,18.33,18.06,17.62,18.29,18.31,18.04,18.81,20.6,18.78,18.39,18.15,18.75,18.36,18.81,18.24,17.11,17.45,17.71,20.94,21.27,18.07,18.09,17.95,19.18,18.79,19.29,18.28,17.43,18.16,19.73,20.24,20.16,18.7,18.22,18.91,18.16,17.78,17.37,18.16,18.42,17.28,16.91,17.84,18.75,17.37,17.24,17.36,18.08,18.31,17.49,16.97,17.28,17.09,17.26,19.18,18.83,16.4,15.97,16.51,16.9,17.96,16.89,16.24,16.84,15.98,16.24,16.27,19.03,16.31,17.62,17.36,17.73,16.83,16.7,16.12,16.79,16.17,15.96,16.57,16.66,14.81,15.91,15.93,15.67,15.48,15.47,15.51,15.31,15.31,15.3,15.68,14.8
Spanish Mackerel (Batang) (Per Kilogram),13.2,13.17,12.82,12.73,12.91,12.69,13.04,13.48,12.96,13.58,13.53,14.71,13.76,13.63,14.06,14.06,13.56,13.05,12.66,13.21,13.22,13.01,13.66,13.75,13.37,13.39,13.58,13.46,13.28,12.9,11.49,11.45,13.36,12.77,12.66,13.7,12.89,12.44,13.07,12.56,13.12,12.98,13.19,12.29,12.16,12.4,12.75,13.4,12.19,12.38,12.22,12.56,12.67,12.77,12.38,12.27,11.68,12.03,12.69,12.95,12.28,12.29,12.15,12.58,12.62,12.63,12.05,11.33,11.97,12.17,11.94,12.43,11.53,11.65,11.81,11.24,11.81,12.57,12,11.15,10.49,11.37,11.55,11.6,11.42,11.35,11.63,11.93,12.08,12.05,11.44,11.05,11.21,10.81,12.25,12.13,11.64,11.38,11.53,11.45,11.78,11.64,11.17,11.08,10.92,10.95,11.17,11.57,11.03,10.95,11.05,11.16,11.2,11.2,10.89,10.65,10.8,10.92,11.48,11.56,10.6,10.43,10.66,11.08,11.49,11.65,11.17,10.93,10.41,10.81,11.09,11.28,10.89,10.47,10.59,10.65,10.97,10.66,10.27,10.2,10.06,10.03,10.19,10.34,10.07,10.06,10.07,10.71,10.26,10.22,9.95,9.96,10.06,9.99,10.44,10.03
Threadfin (Kurau) (Per Kilogram),56.24,55.07,57.95,54.84,57.32,59.9,59.34,61.06,59.04,59.1,57.89,64.1,58.11,59.52,56.67,55.94,57.99,57.47,59.16,59.33,56.82,58.28,62.29,59.41,59.22,58.22,58.97,59.98,61.98,59.93,57.7,58.34,62.39,62.37,60.69,64.03,58.87,58.02,58.23,58.01,62.19,60.87,60.21,60.54,56.43,59.06,61.4,61.71,57.76,54.55,57.54,58.56,61.28,63.76,61.5,57.83,54.09,54.46,64.09,62.65,58.55,56.13,55.82,57.09,57.52,63.9,56.76,56.28,53.86,53.53,55.78,62.13,55.21,55.64,57.99,57.11,58.05,60.58,57.47,54.78,52.8,54.19,59.73,59.85,52.05,50.33,50.74,52.44,57.92,61.14,51.54,49.66,48.03,48.73,58.76,53.82,50.99,50.65,49.57,49.54,57.09,56.89,52.14,49.28,47.66,45.19,46.31,58.88,48.3,46.47,46.51,47.98,52.55,53.42,50.24,48.36,46.19,43.97,49.68,48.65,44.48,44.22,43.04,43.21,49.06,47.85,45.96,43.94,41.98,42.01,41.64,50.2,44.5,43.73,44.04,46.31,47.29,47.85,44.8,41.89,41.77,41.34,43.89,44.87,39.84,42.5,43.24,44.55,43.39,43.26,41.79,41.35,41.63,41.99,46.87,42.81
Small Prawns (Per Kilogram),13.42,12.76,12.96,14.43,13.12,14.65,14.93,14.53,14.17,13.56,13.53,15.84,14.49,13.82,14.31,14.31,14.03,13.93,14.62,15.49,15.31,14.92,15.81,15.49,15.26,15.31,15.67,15.79,14.59,14.5,14.74,14.74,14.71,14.95,15.5,17.59,15.06,14.74,15.19,15.01,15,14.76,14.7,15.04,14.17,14.24,15.33,15.52,14.64,14.59,14.67,14.81,14.45,14.56,14.11,14.29,13.75,13.46,15.25,14.82,14.54,14.21,13.94,14.03,14.4,14,13.85,14,13.78,13.5,13.78,14.8,13.45,13.22,13.37,13.24,13.5,13.35,13.53,12.8,13.15,13.23,13.86,14.01,13.46,12.94,13.13,13.14,13.31,13.26,12.96,12.9,12.68,12.83,14.37,13.3,12.8,12.9,12.77,12.7,13.02,12.86,12.62,12.71,13.1,12.85,12.71,14.04,12.71,12.23,11.9,11.75,11.61,11.62,11.39,11.76,10.84,10.67,11.99,11.75,11.23,11.14,10.86,11.06,11.27,10.95,10.98,11,11.05,10.95,10.66,12.88,10.69,10.42,10.23,10.33,10.27,10.44,10.55,10.49,10.33,10.2,10.69,11,10.17,10.21,10.06,9.95,9.87,9.87,10.15,10.07,9.96,9.77,10.42,9.77
Medium Prawns (Per Kilogram),18.15,16.58,16.49,19.42,18.29,19.43,20.35,21.12,18.51,18.74,19.14,21.64,18.43,18.23,17.95,17.95,18.11,17.84,18.28,20.7,19.7,19.07,22.02,20.47,18.99,19.51,19.51,20.98,21.2,20.08,19.11,18.88,18.84,19.36,20.68,24.29,19.88,19.16,20.11,19.77,18.99,18.92,19.53,19.41,19.45,19.01,20.64,21.28,19.11,19.73,18.95,18.52,18.57,19.57,19.24,19.1,18.9,20.19,21.71,21.66,19.82,18.67,18.78,18.72,18.52,17.74,19.27,19.17,19.06,18.88,19.36,21.84,18.85,18.38,18.94,18.52,18.49,18.74,18.58,18.12,18.16,18.09,20.48,20.22,18.32,18.09,18.07,18.03,18.09,18.33,18.23,17.87,18.07,18.82,22.46,19.46,18.39,18.26,18.06,17.73,18.12,17.98,17.9,18.04,18.1,18.82,19.96,22.93,18.38,17.88,17.63,17.51,17.59,17.73,17.38,17.64,17.62,17.64,19.29,18.32,17.62,17.09,16.24,16.06,16.87,16.49,17.29,17.04,17.25,16.33,17.03,21.47,17.94,16.94,17.52,16.86,16.99,16.05,16.44,16.42,16.93,16.24,17.36,17.19,16.07,15.96,15.92,15.96,15.71,15.56,15.9,15.92,15.66,16.03,17.84,15.3
Squids (Per Kilogram),20.17,19.64,18.77,20.49,17.88,17.79,17.97,18,18.34,19.09,18.84,19.96,18.9,18.12,18.07,17.8,17.83,17.62,17.62,17.47,17.5,17.9,18.86,17.82,17.91,17.83,17.89,17.96,18.18,17.6,17.42,17.21,17.23,17.2,17.6,18.65,17.34,16.53,16.92,16.57,17.25,17.1,17.06,16.95,16.9,17.01,17.06,17.59,16.28,15.86,16,15.7,16.03,16.12,15.5,15.48,15.73,16.74,17.96,17.41,15.6,14.92,15.18,14.91,14.89,14.99,14.89,14.71,14.6,14.76,14.98,15.16,14.53,14.44,14.37,14.57,14.65,14.97,14.62,14.39,14.56,14.19,14.73,14.15,13.33,13.37,13.61,13.61,13.67,13.59,12.65,12.31,12.84,13.31,13.94,13.4,12.94,12.54,12.85,12.65,13.07,12.89,12.59,12.34,12.43,12.68,12.68,12.97,11.88,11.78,11.58,11.98,12.28,11.89,11.78,11.74,11.76,11.95,12.91,12.09,11.19,11.1,10.8,10.96,11.37,11.39,11.18,11.14,11.44,11.38,11.62,12.19,11.34,11.08,11.01,11.03,11.05,11.26,11.06,11.31,11.15,10.76,11.55,11.18,9.71,9.59,9.63,10.76,11.14,11.05,9.8,9.35,9.01,8.92,9.46,9.28
Fresh Milk (Per Litre),3.45,3.44,3.43,3.45,3.39,3.37,3.39,3.36,3.37,3.36,3.36,3.35,3.37,3.37,3.37,3.37,3.37,3.37,3.37,3.37,3.37,3.37,3.38,3.37,3.36,3.37,3.37,3.37,3.36,3.37,3.37,3.36,3.37,3.21,3.25,3.22,3.23,3.22,3.22,3.21,3.23,3.2,3.21,3.21,3.2,3.2,3.21,3.2,2.87,2.85,2.9,2.89,2.84,2.85,2.88,2.87,2.86,2.87,2.87,2.82,2.86,2.79,2.8,2.82,2.8,2.77,2.78,2.85,2.95,2.82,2.76,2.74,2.8,2.84,2.8,2.82,2.84,2.79,2.78,2.77,2.76,2.8,2.85,2.82,2.85,2.82,2.8,2.78,2.88,2.86,2.86,2.83,2.81,2.9,2.81,2.83,2.96,2.83,2.83,2.83,2.84,2.8,2.86,2.95,2.94,2.85,2.91,2.88,2.89,2.96,2.92,2.96,2.98,2.97,2.94,2.88,2.94,2.91,2.89,2.92,2.91,2.9,2.88,2.88,2.87,2.94,2.86,2.86,2.88,2.91,2.82,2.85,2.85,2.85,2.78,2.81,2.78,2.76,2.73,2.77,2.83,2.79,2.74,2.75,2.78,2.8,2.76,2.79,2.74,2.75,2.73,2.72,2.72,2.77,2.79,2.72
Infant Milk Powder (Per 100 Gram),6.53,6.35,6.34,6.34,6.34,6.34,6.34,6.34,6.31,6.21,6.18,6.17,6.17,6.17,6.17,6.17,6.17,6.17,6.17,6.17,6.17,6.16,6.15,6.15,6.15,6.15,6.15,6.15,6.15,6.16,6.16,6.16,6.17,6.16,6.16,6.18,6.12,6.15,6.15,6.17,6.16,6.15,6.12,6.11,6.07,6.12,6.16,6.16,6.31,6.31,6.28,6.31,6.3,6.31,6.28,6.32,6.32,6.27,6.34,6.31,6.3,6.31,6.31,6.3,6.29,6.3,6.28,6.32,6.26,6.31,6.28,6.27,6.26,6.27,6.25,6.27,6.25,6.28,6.28,6.26,6.25,6.16,6.1,6.1,6.07,6.07,6.06,6.04,6.04,6.05,5.96,5.93,5.86,5.82,5.83,5.83,5.81,5.78,5.77,5.76,5.76,5.75,5.68,5.66,5.62,5.57,5.43,5.43,5.23,5.22,5.13,4.97,4.96,4.86,4.86,4.83,4.8,4.76,4.72,4.71,4.66,4.63,4.61,4.55,4.5,4.49,4.47,4.43,4.38,4.33,4.34,4.32,4.31,4.29,4.28,4.27,4.22,4.19,4.19,4.15,4.14,4.07,4.07,4.06,4.06,4.06,4.04,4.03,3.98,3.96,3.93,3.88,3.83,3.83,3.83,3.82
Cheese (Per 12 Slices),5.7,5.69,5.89,5.99,5.85,5.96,5.85,5.94,6.2,5.7,5.71,5.79,5.77,5.82,5.91,5.94,5.78,5.95,5.81,5.97,5.86,5.91,5.6,5.6,5.64,5.54,5.68,5.81,5.57,5.74,6.2,6.2,5.56,5.55,5.85,5.87,5.87,5.74,5.96,5.82,5.89,6.14,6.04,5.75,5.69,5.71,6.26,5.76,4.71,4.79,4.88,4.74,4.76,4.82,4.67,4.8,4.7,4.93,4.65,4.45,4.49,4.52,4.39,4.51,4.53,4.62,4.45,4.55,4.59,4.31,4.35,4.39,4.41,4.4,4.37,4.54,4.61,4.6,4.65,4.47,4.62,4.61,4.69,4.72,4.82,4.7,4.35,4.37,4.89,4.84,4.96,4.88,4.86,4.74,4.68,5.15,4.66,4.93,4.8,4.74,4.79,4.82,4.56,4.67,5.18,4.49,4.51,4.7,4.75,4.78,4.9,4.78,5.11,4.78,4.71,4.84,4.7,4.93,4.96,5.02,5,5.14,5,4.98,5.15,5.14,5.03,5.14,5.04,5.06,5.1,5.1,5.06,5.07,5,5.02,4.92,4.86,4.86,4.81,4.81,4.65,4.8,4.79,4.72,4.79,4.78,4.78,4.76,4.75,4.75,4.73,4.79,4.79,4.78,4.75
Hen Eggs (Per 10),3.3,3.25,3.13,3.11,3.1,3.1,3.13,3.15,3.14,2.86,2.73,2.67,2.6,2.58,2.5,2.51,2.52,2.51,2.51,2.48,2.42,2.42,2.45,2.4,2.4,2.39,2.37,2.4,2.43,2.42,2.43,2.43,2.47,2.35,2.33,2.36,2.35,2.35,2.4,2.39,2.39,2.35,2.35,2.37,2.37,2.45,2.44,2.42,2.26,2.2,2.17,2.15,2.15,2.11,2.11,2.11,2.09,2.12,2.14,2.09,2.06,2.06,2.08,2.1,1.99,2.06,2.12,2.11,2.12,2.12,2.15,2.14,2.14,2.16,2.18,2.2,2.19,2.19,2.19,2.2,2.16,2.17,2.14,2.12,2.15,2.16,2.2,2.23,2.08,2.06,2.1,2.18,2.3,2.39,2.41,2.4,2.45,2.36,2.23,2.13,2.1,2.07,2.06,2.05,2.05,2.07,2.08,2.06,1.99,1.98,1.96,1.95,1.94,1.95,1.93,1.95,1.9,1.91,1.92,1.9,1.89,1.91,1.9,1.86,1.8,1.86,1.83,1.85,1.85,1.89,1.94,1.97,1.98,2,1.87,1.84,1.93,1.91,1.88,1.89,1.88,1.9,1.92,1.92,1.93,1.95,1.88,1.89,1.91,1.83,1.79,1.77,1.81,1.79,1.81,1.86
Cooking Oil (Per 2 Kilogram),6.81,7.01,7.55,7.37,6.97,6.97,6.96,6.98,7.25,6.84,6.82,6.8,6.88,6.85,6.81,7.02,6.89,6.97,6.24,6.2,5.98,5.92,5.75,5.72,5.95,5.96,5.98,5.98,5.97,5.97,7.16,7.09,6.91,5.87,5.97,5.69,5.9,5.65,5.71,5.86,5.67,5.68,5.81,5.95,6.02,5.99,5.76,5.83,6,5.94,5.9,5.76,5.83,5.93,6.08,6.02,6.21,6.1,5.83,5.87,5.97,5.89,6.05,6.12,5.8,5.94,5.9,6.02,6.06,5.94,5.91,5.92,5.86,5.85,5.8,5.7,5.72,5.79,5.97,6.17,6.11,6.41,6.35,6.3,5.98,6.11,6.19,6.42,6.24,6.37,6.5,6.44,6.55,6.55,6.12,6.25,6.64,6.61,6.46,6.56,6.47,6.47,6.47,6.61,6.35,6.58,6.34,6.46,5.72,5.8,5.76,5.68,5.66,5.63,5.51,5.54,5.6,5.62,5.72,5.79,5.78,5.85,5.84,5.96,5.95,6.07,6.04,6.05,6.13,6.08,6.15,6,6.06,6.12,6.05,6.11,6.12,6,6.02,6.14,6.02,6.01,5.9,5.85,5.47,5.5,5.52,5.63,5.39,5.6,5.5,5.52,5.61,5.5,5.55,5.41
Bananas (Per Kilogram),2.58,2.56,2.55,2.55,2.53,2.54,2.5,2.48,2.48,2.46,2.44,2.45,2.41,2.4,2.44,2.44,2.42,2.45,2.45,2.48,2.44,2.48,2.49,2.49,2.48,2.52,2.5,2.49,2.41,2.42,2.35,2.25,2.42,2.42,2.41,2.44,2.44,2.44,2.42,2.4,2.38,2.36,2.36,2.36,2.36,2.35,2.35,2.34,2.36,2.35,2.37,2.37,2.37,2.37,2.35,2.33,2.31,2.31,2.31,2.28,2.29,2.33,2.39,2.37,2.38,2.38,2.36,2.36,2.34,2.32,2.32,2.32,2.32,2.32,2.32,2.28,2.28,2.26,2.26,2.32,2.34,2.32,2.34,2.34,2.3,2.22,2.18,2.14,2.18,2.18,2.14,2.14,2.18,2.2,2.16,2.15,2.16,2.19,2.19,2.2,2.2,2.16,2.13,2.08,2.07,2.06,2.01,2.01,2,1.96,1.96,1.84,1.76,1.76,1.76,1.76,1.76,1.74,1.72,1.74,1.74,1.72,1.72,1.71,1.71,1.7,1.65,1.56,1.55,1.57,1.57,1.56,1.56,1.52,1.52,1.51,1.53,1.55,1.55,1.55,1.57,1.56,1.55,1.54,1.55,1.53,1.54,1.53,1.53,1.49,1.49,1.49,1.49,1.49,1.47,1.47
Papaya (Per Kilogram),2.44,2.43,2.37,2.43,2.39,2.35,2.34,2.29,2.32,2.41,2.3,2.33,2.47,2.61,2.41,2.41,2.44,2.36,2.4,2.29,2.23,2.21,2.24,2.18,2.06,2.35,2.32,2.3,2.18,2.21,2.36,2.36,2.08,2.08,2.07,2.03,2,2.04,2.38,2.25,2.21,2.16,2.16,2.2,2.2,2.32,2.32,2.24,2.38,2.42,2.35,2.41,2.39,2.34,2.23,2.01,2,1.88,1.88,1.8,1.78,1.87,2.05,1.99,2.05,1.97,1.95,1.98,1.8,2.04,2.06,1.96,1.94,2.01,2.22,2.2,2.05,1.94,1.9,1.9,1.91,1.84,1.91,1.87,1.91,1.93,1.91,2.04,2.01,1.9,1.83,1.93,2.05,2.02,2.02,1.95,2.01,2.01,1.97,2.22,2.33,2.47,2.3,2.19,2.16,2.08,2.01,2.03,2.02,1.98,2.04,2.06,2.02,1.98,1.84,1.77,1.84,1.84,1.81,1.82,1.83,1.82,1.88,1.84,1.85,1.85,1.76,1.71,1.7,1.75,1.75,1.75,1.68,1.66,1.73,1.72,1.8,1.78,1.73,1.7,1.76,1.67,1.61,1.6,1.55,1.6,1.64,1.61,1.64,1.55,1.48,1.51,1.47,1.53,1.51,1.56
Watermelon (Per Kilogram),1.83,1.57,1.74,1.67,1.67,1.76,1.69,1.57,1.54,1.48,1.57,1.6,1.5,1.47,1.4,1.31,1.71,1.81,1.63,1.47,1.54,1.52,1.61,1.62,1.33,1.4,1.64,1.68,1.62,1.8,1.75,1.41,1.28,1.55,1.81,1.82,1.68,1.61,1.56,1.65,1.66,1.57,1.56,1.58,1.57,1.61,1.6,1.59,1.74,1.76,1.76,1.81,1.79,1.6,1.58,1.54,1.56,1.55,1.62,1.53,1.56,1.59,1.63,1.64,1.56,1.54,1.53,1.48,1.48,1.52,1.57,1.54,1.51,1.43,1.49,1.59,1.62,1.6,1.54,1.53,1.53,1.4,1.43,1.54,1.4,1.41,1.55,1.67,1.64,1.61,1.58,1.56,1.66,1.63,1.83,1.79,1.68,1.56,1.64,1.62,1.69,1.65,1.62,1.62,1.71,1.66,1.71,1.66,1.49,1.51,1.57,1.47,1.43,1.45,1.42,1.42,1.44,1.45,1.44,1.37,1.35,1.37,1.4,1.37,1.34,1.3,1.3,1.29,1.26,1.34,1.39,1.3,1.31,1.39,1.27,1.22,1.21,1.24,1.26,1.21,1.29,1.26,1.25,1.24,1.2,1.19,1.16,1.18,1.16,1.13,1.12,1.16,1.12,1.12,1.15,1.22
Grapes (Per Kilogram),15.98,15.72,15.88,17.58,15.66,13.87,11.34,11.76,12.28,12.31,12.4,12.46,14.47,14.45,15.73,15.73,15.03,11.37,11.06,11.37,11.24,11.07,11.58,11.54,11.62,12.24,12.47,11.62,10.37,10.86,11.39,11.39,10.44,10.55,10.61,10.63,10.81,10.83,11.05,10.63,10.45,9.68,9.85,9.91,9.85,9.85,9.89,9.85,10.17,10.3,10.12,10.35,9.7,9.68,9.73,10.15,9.72,9.59,9.54,9.64,10.1,10.38,10,9.65,9.62,9.41,9.75,9.76,9.57,9.38,9.22,9.43,9.48,9.37,9.32,9.03,9.02,9.26,9.36,9.28,9.21,9.44,9.18,9.17,9.41,9.09,9.06,9.21,9.17,9,9.02,9.12,9.34,9.47,9.54,9.55,9.46,9.43,9.29,9.2,8.94,8.71,8.99,8.81,8.64,8.48,8.59,8.55,8.49,8.94,8.86,8.57,8.33,8.34,8.33,8.41,8.48,8.11,8.12,8.12,7.92,7.93,7.86,7.78,7.82,7.72,8,8.19,8.26,7.59,7.59,7.85,7.66,7.61,7.71,7.71,7.7,8.09,8.09,8.09,8.17,8.23,7.85,7.63,7.48,7.48,7.51,7.62,7.61,7.65,7.61,7.79,7.95,7.86,7.79,7.82
Orange (Each),0.69,0.71,0.66,0.66,0.68,0.71,0.73,0.72,0.69,0.64,0.63,0.6,0.63,0.6,0.64,0.64,0.61,0.61,0.61,0.62,0.59,0.58,0.59,0.58,0.58,0.61,0.61,0.59,0.57,0.56,0.6,0.59,0.6,0.58,0.58,0.58,0.58,0.59,0.58,0.56,0.55,0.54,0.57,0.57,0.56,0.55,0.56,0.54,0.41,0.43,0.45,0.45,0.46,0.45,0.45,0.45,0.45,0.44,0.42,0.42,0.42,0.42,0.43,0.44,0.46,0.46,0.47,0.46,0.45,0.41,0.41,0.42,0.43,0.43,0.43,0.44,0.43,0.44,0.44,0.44,0.43,0.41,0.41,0.41,0.41,0.43,0.44,0.4,0.39,0.39,0.38,0.37,0.37,0.36,0.36,0.36,0.36,0.36,0.35,0.35,0.35,0.33,0.33,0.33,0.35,0.35,0.35,0.35,0.35,0.35,0.37,0.37,0.37,0.37,0.37,0.37,0.37,0.37,0.37,0.37,0.35,0.33,0.33,0.33,0.33,0.33,0.33,0.33,0.33,0.34,0.34,0.34,0.34,0.34,0.34,0.34,0.34,0.33,0.42,0.42,0.43,0.35,0.34,0.34,0.34,0.34,0.35,0.35,0.35,0.35,0.35,0.35,0.35,0.35,0.33,0.33
Apple (Each),0.47,0.47,0.48,0.47,0.47,0.47,0.47,0.47,0.46,0.45,0.47,0.46,0.47,0.45,0.45,0.45,0.45,0.45,0.44,0.45,0.45,0.44,0.44,0.43,0.43,0.43,0.43,0.43,0.43,0.43,0.43,0.43,0.43,0.43,0.43,0.43,0.44,0.43,0.43,0.43,0.43,0.42,0.43,0.42,0.43,0.42,0.42,0.43,0.44,0.45,0.44,0.43,0.43,0.44,0.44,0.43,0.43,0.42,0.43,0.43,0.43,0.44,0.42,0.42,0.42,0.41,0.42,0.43,0.42,0.42,0.43,0.43,0.43,0.43,0.43,0.43,0.43,0.44,0.44,0.43,0.43,0.43,0.44,0.44,0.44,0.44,0.44,0.45,0.45,0.46,0.46,0.45,0.44,0.45,0.45,0.45,0.46,0.48,0.47,0.47,0.46,0.45,0.45,0.45,0.44,0.43,0.42,0.43,0.42,0.42,0.42,0.43,0.43,0.43,0.43,0.43,0.42,0.42,0.42,0.41,0.41,0.41,0.41,0.4,0.4,0.39,0.39,0.4,0.4,0.4,0.39,0.39,0.38,0.38,0.38,0.39,0.38,0.38,0.38,0.38,0.38,0.37,0.37,0.37,0.37,0.37,0.37,0.37,0.37,0.37,0.37,0.38,0.38,0.39,0.37,0.35
Pear (Each),1.2,1.18,1.16,1.27,1.22,1.22,1.16,1.14,1.14,1.14,1.15,1.31,1.16,1.28,1.36,1.36,1.41,1.21,1.19,1.21,1.2,1.22,1.22,1.22,1.22,1.22,1.22,1.2,1.32,1.32,1.31,1.31,1.31,1.33,1.25,1.3,1.31,1.33,1.39,1.31,1.23,1.24,1.32,1.27,1.25,1.33,1.28,1.17,1.03,1.03,1.04,1.09,1.06,1.04,1.08,1.06,1.06,0.99,0.97,0.95,0.96,0.93,0.95,0.94,1.02,1,1.03,1.06,1.05,1.05,1.06,1.02,1.02,1,1,1,0.99,0.96,0.97,0.98,0.97,0.96,0.99,1,1.01,0.98,0.89,0.93,0.92,0.93,0.93,0.92,0.94,0.94,0.96,0.94,0.94,0.92,0.95,0.94,0.95,1,1,1.01,1.02,1.01,0.94,0.93,0.94,0.95,0.94,0.96,0.97,0.96,0.95,0.98,0.97,0.95,0.92,0.9,0.88,0.88,0.89,0.86,0.87,0.9,1.01,0.97,0.98,0.95,0.95,0.95,0.92,0.92,0.9,0.88,0.88,0.85,0.83,0.86,0.87,0.9,0.9,0.89,0.88,0.88,0.86,0.83,0.85,0.85,0.85,0.9,0.98,0.97,0.92,0.83
Broccoli (Per Kilogram),6.93,6.63,6.64,6.69,7.39,7.43,7.11,6.59,6.66,6.98,6.85,7.14,7.17,6.71,5.88,5.87,5.88,6.01,6.42,6.06,5.94,6.47,6.76,5.82,5.58,5.75,5.58,5.45,5.7,5.74,5.69,5.47,6.04,5.61,5.94,5.89,6.17,5.85,5.4,5.18,5.31,5.22,5.26,5.97,6.23,5.64,5.59,5.48,5.48,5.49,5.18,5.35,5.38,5.45,5.58,5.77,5.8,6.22,5.88,6.57,6.69,6.75,5.78,5.84,6.02,5.81,5.55,6.25,6.07,6.31,6.14,5.89,6.04,5.97,6.16,5.87,6.08,6.64,6.63,6.24,6.87,6.85,6.11,6.25,5.78,5.78,5.55,5.53,5.78,5.51,5.53,5.96,6.41,6.52,6.15,6.26,6.08,5.95,5.6,5.64,6.43,6.45,5.94,6.13,6.19,6.01,6.17,6.11,7.04,7.31,6.87,7.01,7.07,7.12,7.23,7.7,8.25,7.66,7.68,7.64,7.56,7.92,8.12,8.08,7.86,7.66,7.78,7.63,7.12,6.99,6.91,6.88,6.8,6.63,6.51,6.67,6.73,6.95,7.01,6.87,7.13,7.6,7.77,7.98,6.92,7.33,6.94,6.09,6.12,6.43,6.96,7.58,7.18,7.65,6.44,6.29
Cabbage (Per Kilogram),2.85,2.85,2.93,2.97,2.96,2.85,2.79,2.83,2.72,2.77,2.85,2.88,2.84,2.88,2.72,2.7,2.66,2.7,2.68,2.61,2.63,2.78,2.84,2.5,2.45,2.42,2.38,2.32,2.27,2.25,2.23,2.21,2.41,2.42,2.32,2.34,2.32,2.3,2.28,2.32,2.36,2.33,2.38,2.38,2.29,2.26,2.27,2.23,2.16,2.19,2.27,2.3,2.24,2.24,2.21,2.2,2.18,2.23,2.25,2.26,2.28,2.28,2.28,2.26,2.19,2.19,2.21,2.13,2.12,2.2,2.38,2.48,2.38,2.2,2.15,2.18,2.24,2.25,2.26,2.32,2.38,2.37,2.33,2.11,2.11,2.08,2.14,2.11,2.13,2.13,2.11,2.03,2.04,2.08,2.09,2.06,2.02,2.01,1.99,2.02,2.03,2.06,2.01,1.96,2,1.99,2.03,2.01,1.99,1.95,1.94,1.95,1.95,1.94,1.95,1.95,1.88,1.88,1.93,1.92,1.92,1.94,1.96,1.96,1.93,1.95,1.96,1.92,1.84,1.87,1.79,1.83,1.81,1.81,1.78,1.76,1.75,1.77,1.74,1.75,1.78,1.78,1.81,1.78,1.82,1.84,1.71,1.72,1.73,1.68,1.7,1.73,1.72,1.74,1.76,1.65
Chinese Kale (Kailan) (Per Kilogram),5.35,5.33,5.33,5.35,5.35,5.34,5.22,5.38,5.32,5.42,5.29,5.35,5.48,5.35,5.26,5.25,5.2,5.17,5.2,5.18,5.25,5.2,5.13,5.25,5.19,5.24,5.28,5.17,5.11,5.17,5.15,5.21,5.22,5.2,5.26,5.05,5.07,5.04,5.05,5.03,5.05,5.06,5.07,5.09,5.05,5.04,5.03,4.98,5.37,5.55,5.46,5.52,5.39,5.55,5.46,5.54,5.61,5.79,5.5,5.73,5.73,5.87,5.79,5.83,5.56,5.8,5.86,5.71,5.68,5.91,5.93,6.13,6.14,6.02,5.79,5.67,5.72,5.77,5.87,6.07,5.93,6.04,6.17,5.51,5.28,5.16,5.16,5.07,5.27,5.13,5.05,5.19,5.16,5.15,5.11,5.26,5.14,4.99,5.16,5.08,5.16,5.17,5.15,5.27,5.35,5.12,4.97,5.15,4.64,4.34,4.26,4.32,4.29,4.26,4.38,4.41,4.15,4.14,4.29,4.24,4.35,4.1,4.03,4.15,4.04,4.15,4.21,4.25,4.11,3.99,4,4.19,4.11,4.09,4.12,4.01,3.86,4.02,4.15,4.01,3.98,3.9,4.12,4.01,4,4.08,3.98,3.99,4.01,4.06,4.1,4.12,4.08,3.94,3.95,3.95
Small Mustard (Chye Sim) (Per Kilogram),4.6,4.39,4.42,4.5,4.35,4.27,4.4,4.39,4.35,4.43,4.29,4.37,4.35,4.6,4.49,4.52,4.18,4.16,4.16,4.07,4.19,3.73,3.88,4.26,4.1,4.07,3.97,4.02,3.95,4.15,4.05,4.03,3.86,3.83,3.91,3.85,3.93,3.86,3.84,3.69,3.75,3.94,3.97,4.01,3.68,3.54,3.59,3.4,3.52,3.56,3.41,3.44,3.32,3.53,3.5,3.57,3.43,3.26,3.21,3.75,3.37,3.43,3.38,3.35,3.21,3.24,3.46,3.32,3.24,3.2,3.41,3.38,3.5,3.34,3.05,3.16,3.33,3.38,3.49,3.58,3.17,3.12,3.43,3.32,3.24,3.05,3.04,3.08,3.25,3.01,3.32,3.34,3.31,2.96,3.07,3.46,3.36,3.22,3.1,3.24,3.23,3.12,3.29,3.33,3.37,3.16,2.95,3.04,3.49,3.01,2.98,3.14,2.97,3,2.85,3.17,2.85,2.71,3.17,3.1,3.38,3.02,2.9,3.01,2.79,3.01,2.87,3.05,2.94,2.86,2.69,3.05,3.16,2.98,3.03,2.88,2.73,2.74,3.01,2.8,2.64,2.68,2.86,2.78,2.75,2.83,2.84,2.78,2.83,2.85,2.96,2.87,2.95,2.77,2.69,2.65
Spinach (Bayam) (Per Kilogram),4.47,4.27,4.26,4.37,4.36,4.3,4.23,4.39,4.18,4.23,4.06,4.17,4.23,4.45,4.3,4.3,3.72,3.71,3.77,3.76,3.81,3.38,3.46,4.01,3.67,3.74,3.58,3.78,3.6,3.62,3.53,3.49,3.41,3.41,3.48,3.52,3.7,3.55,3.57,3.34,3.33,3.52,3.61,3.63,3.43,3.34,3.36,3.15,3.02,3.23,3.09,3.08,2.96,3.19,2.94,3.09,2.83,2.86,2.76,3.32,2.83,2.95,2.91,2.84,2.83,2.84,2.94,2.91,2.79,2.74,3.03,2.9,2.8,2.89,2.61,2.65,2.85,2.9,2.91,2.81,2.76,2.76,2.89,2.88,2.86,2.67,2.58,2.6,2.8,2.69,2.86,2.93,2.81,2.72,2.71,3.09,3.01,2.86,2.72,2.86,2.84,2.8,2.85,2.88,2.88,2.45,2.61,2.67,3.18,2.78,2.62,2.67,2.62,2.87,2.67,2.88,2.69,2.65,3.13,2.99,3.28,2.92,2.72,2.91,2.68,2.84,2.6,2.72,2.72,2.68,2.52,2.92,2.83,2.71,2.77,2.59,2.5,2.51,2.78,2.55,2.52,2.58,2.68,2.69,2.6,2.66,2.68,2.62,2.71,2.66,2.69,2.6,2.75,2.6,2.56,2.56
Tomatoes (Per Kilogram),2.66,2.48,2.59,2.67,2.77,2.82,2.73,2.59,2.68,2.92,3.19,3.28,2.93,2.76,2.84,2.98,3,3.05,2.83,2.48,2.59,3.2,3.21,2.98,2.71,2.67,2.61,2.68,3.05,3.24,2.68,2.67,2.37,2.25,2.38,2.27,2.07,2.08,2.07,2.2,2.23,2.22,2.08,1.88,2.06,2.3,2.68,2.49,2.43,2.23,2.08,2.19,2.16,2.06,1.97,1.9,2.11,2.61,2.72,2.5,2.09,2.24,2.25,2.31,2.33,2.34,2.23,2.19,2.27,2.35,2.41,2.21,2.13,2.18,2.26,2.3,2.35,2.4,2.34,2.07,2.24,2.2,2.21,2.3,2.37,2.35,2.38,2.39,2.41,2.56,2.09,1.87,1.78,2.45,3.08,2.72,2.46,2.51,2.45,2.32,2.4,2.77,2.11,1.72,1.53,2.18,2.75,2.8,1.96,1.87,1.73,1.72,1.99,2.49,2.12,1.94,1.91,2.64,3.16,2.82,2.15,2.07,1.97,1.63,1.73,1.77,1.6,1.59,1.6,2.25,3.06,2.53,1.96,2.36,2.24,1.94,2.06,2.3,2.2,2.15,2.35,2.38,1.89,2,1.98,2.33,2.08,2.03,2.14,1.84,1.8,1.58,1.65,1.94,2.46,2.55
Potatoes (Per Kilogram),2.72,2.7,2.68,2.69,2.65,2.62,2.64,2.64,2.64,2.67,2.67,2.7,2.61,2.63,2.64,2.64,2.7,2.69,2.59,2.66,2.66,2.64,2.64,2.54,2.53,2.47,2.46,2.44,2.41,2.42,2.43,2.43,2.35,2.34,2.33,2.29,2.27,2.27,2.27,2.23,2.23,2.23,2.26,2.26,2.28,2.27,2.27,2.27,2.25,2.26,2.26,2.27,2.27,2.24,2.25,2.24,2.17,2.17,2.18,2.23,2.23,2.23,2.24,2.24,2.19,2.18,2.19,2.16,2.13,2.15,2.13,2.13,2.12,2.16,2.15,2.15,2.11,2.07,2.05,2,2,2.01,2.02,2.05,2.04,1.99,2,2.03,1.97,1.96,1.96,1.95,1.94,1.98,2,1.97,1.97,2,2,2,1.97,1.96,1.93,1.96,1.94,1.92,1.87,1.88,1.89,1.87,1.81,1.78,1.79,1.79,1.79,1.75,1.75,1.74,1.72,1.72,1.72,1.7,1.71,1.72,1.71,1.69,1.67,1.67,1.7,1.74,1.74,1.77,1.79,1.8,1.78,1.71,1.71,1.68,1.68,1.7,1.71,1.7,1.68,1.66,1.65,1.63,1.62,1.61,1.61,1.62,1.62,1.53,1.56,1.54,1.51,1.52
Carrots (Per Kilogram),2.11,2.07,2.05,2.01,2.04,2.08,1.94,1.92,2.02,2.04,2.08,2.05,2.07,2.03,2.04,2.03,2.03,2.02,2.02,2.01,2.01,1.99,2.04,2.04,2.04,2.04,2.03,2.04,1.99,2.08,2.01,2.03,2.08,2.04,2.01,2.01,1.98,1.98,2.09,2.11,2.1,2.11,2.1,2.1,2.06,2.09,2.11,2.09,2.16,2.15,2.15,2.18,2.18,2.17,2.18,2.14,2.13,2.17,2.17,2.17,2.1,2.1,2.16,2.18,2.14,2.15,2.16,2.17,2.14,2.19,2.23,2.19,2.13,2.12,2.11,2.12,2.15,2.16,2.17,2.18,2.11,2.14,2.12,2.11,2.1,2.11,2.14,2.12,2.09,2.05,2.02,2.05,2.05,2.06,2.05,2.02,2.05,2.07,2.04,2.04,2.05,2.05,2.05,2.05,2.04,2.03,1.98,1.99,1.97,1.96,2,2.01,1.98,1.99,1.99,1.95,1.97,1.97,2.03,1.96,1.96,2,1.94,1.96,1.97,1.96,1.97,1.94,1.95,1.95,1.94,1.94,1.95,1.96,1.9,1.93,1.92,1.93,1.94,1.95,1.92,1.92,1.95,1.94,1.92,1.91,1.89,1.91,1.87,1.88,1.85,1.9,1.89,1.94,1.94,1.92
White Sugar (Per 2 Kilogram),3.33,3.31,3.18,3.12,3.11,3.12,3.12,3.11,3.12,3.11,3.12,3.11,3.11,3.12,3.08,3.09,3.09,3.08,3.09,3.09,3.03,3.04,3.03,3.04,3.03,3.04,3.04,3.02,3.02,3.03,3.12,3.12,3.16,3.16,3.12,3.1,3.05,3.08,3.11,3.1,3.02,3.04,3.01,2.94,3.14,3.14,2.94,2.98,3.11,3.14,3.14,3.11,3.08,3.29,3.3,3.27,3.32,3.32,3.25,3.26,3.32,3.32,3.27,3.22,3.21,3.11,3.12,3.08,3.2,3.19,3.12,3.05,3,3.11,3.11,3.1,2.97,3.01,3.14,3.17,3.17,3.17,3.05,3.04,3.1,3.1,3.09,2.97,2.92,2.98,3.24,3.22,3.2,3.27,3.21,3.21,3.26,3.26,3.27,3.22,3.2,3.08,3.2,3.18,3.17,3.2,3.12,3.18,3.18,3.24,3.3,3.28,3.21,3.34,3.29,3.26,3.33,3.31,3.36,3.29,3.29,3.35,3.34,3.34,3.31,3.37,3.36,3.36,3.36,3.35,3.36,3.3,3.38,3.36,3.38,3.38,3.38,3.37,3.36,3.36,3.34,3.36,3.33,3.38,3.26,3.26,3.26,3.21,3.2,3.18,3.16,3.16,3.13,3.06,3.04,3.01
Instant Coffee (Per 200 Gram),10.55,10.53,10.55,10.57,10.55,10.43,10.51,10.56,10.54,10.4,10.22,10.21,10.22,10.23,10.17,10.15,10.15,10.14,10.14,10.15,10.16,10.16,10.17,10.17,10.17,10.17,10.17,10.17,10.17,10.17,10.23,10.21,10.21,10.21,10.14,10.22,10.24,10.24,10.3,10.25,10.18,10.18,10.2,10.01,10.1,10.13,10.24,10.12,9.91,10.17,10.23,10.17,10.26,10.25,9.89,10.21,10.14,10.38,9.77,10.03,10.04,10.01,10.37,10.39,10.18,10.52,10.43,10.52,10.44,10.38,10.46,10.34,10.15,10.45,10.45,10.13,10.29,10.34,10.04,10.2,10.42,10.44,10.11,10.29,10.12,10.28,10.29,10.26,10.06,10.18,9.6,10.16,10.18,10.11,10.12,9.93,10.41,10.39,10.19,9.89,10.09,10.18,10.11,9.6,9.68,9.6,9.28,9.8,9.84,9.85,9.98,9.86,10.11,9.92,9.93,10.05,10.09,10.08,9.92,9.89,10.15,10.26,10.21,10.07,10,10.06,9.86,10.09,10.14,9.99,10,10.01,9.93,9.98,9.73,9.87,9.97,9.76,9.92,9.65,9.81,9.62,9.59,9.64,9.61,9.42,8.97,9.3,9.32,9.14,9.32,9.18,9.2,9.53,9.5,9.45
Aerated Soft Drinks (Per 4 Cans),3.22,3.15,3.2,3.21,3.13,3.09,3.12,3.07,3.07,3.02,3,3.02,3,3.01,2.96,3.02,3.01,3,2.93,2.91,2.92,2.92,2.93,2.94,2.93,2.94,2.94,2.94,2.95,2.92,2.96,2.87,2.92,2.88,2.92,2.73,2.71,2.73,2.88,2.75,2.75,2.77,2.74,2.74,2.74,2.71,2.75,2.73,2.67,2.67,2.61,2.61,2.61,2.61,2.61,2.61,2.61,2.61,2.61,2.61,2.61,2.64,2.61,2.59,2.59,2.58,2.51,2.57,2.59,2.59,2.59,2.59,2.59,2.59,2.58,2.57,2.57,2.57,2.57,2.57,2.57,2.57,2.57,2.57,2.57,2.57,2.57,2.57,2.57,2.57,2.57,2.57,2.57,2.5,2.5,2.5,2.5,2.5,2.5,2.5,2.5,2.5,2.5,2.5,2.5,2.5,2.5,2.5,na,na,na,na,na,na,na,na,na,na,na,na,na,na,na,na,na,na,na,na,na,na,na,na,na,na,na,na,na,na,na,na,na,na,na,na,na,na,na,na,na,na,na,na,na,na,na,na
Non-Aerated Soft Drinks (Per 6 Packets),3.11,3.01,2.99,2.97,2.97,2.95,2.97,2.9,2.75,2.76,2.7,2.65,2.69,2.68,2.65,2.67,2.65,2.66,2.6,2.66,2.67,2.57,2.49,2.56,2.59,2.59,2.65,2.63,2.64,2.68,2.7,2.67,2.61,2.56,2.34,2.04,2.44,2.48,2.49,2.48,2.46,2.57,2.49,2.43,2.39,2.36,1.92,2.21,2.44,2.42,2.48,2.48,2.39,2.45,2.38,2.44,2.42,2.38,2.02,2.17,2.39,2.46,2.33,2.34,2.33,2.4,2.36,2.32,2.32,2.41,2.19,2.13,2.42,2.41,2.38,2.39,2.45,2.44,2.4,2.4,2.45,2.46,2.32,2.35,2.49,2.42,2.5,2.43,2.42,2.46,2.51,2.52,2.49,2.44,2.39,2.42,2.5,2.52,2.5,2.51,2.45,2.43,2.53,2.55,2.54,2.52,2.42,2.38,2.49,2.49,2.49,2.46,2.44,2.43,2.45,2.41,2.43,2.44,2.26,2.25,2.44,2.43,2.39,2.4,2.41,2.39,2.42,2.37,2.34,2.38,2.31,2.22,2.38,2.41,2.39,2.4,2.4,2.32,2.37,2.39,2.36,2.3,2.28,2.25,2.38,2.35,2.31,2.31,2.3,2.31,2.34,2.33,2.32,2.28,2.23,2.32
Beer (Per 6 Cans),16.18,16.12,16.15,15.97,15.86,15.97,16.3,15.86,15.87,15.57,15.42,15.05,15.31,15.56,15.47,15.43,15.45,15.38,15.48,15.5,15.39,15.45,15.15,15.28,15.55,15.45,15.72,15.19,15.55,15.8,15.41,15.88,15.7,15.56,15.6,15.9,16.16,16.12,16.16,16.24,16.24,16.03,16.14,16.07,16.05,16.27,16.25,16.12,16.25,16.1,16.69,16.28,16.21,16.49,16.43,16.28,16.49,16.15,16.24,16.25,16.28,16.69,16.78,16.6,16.56,16.48,16.92,16.96,16.96,16.76,17.18,17.16,17.24,17.27,17.21,17.12,17.15,17.22,17.26,17.26,17.16,17.5,17.45,17.54,17.49,17.32,17.27,17.44,17.52,17.44,17.45,17.51,17.51,17.51,17.54,17.53,17.29,17.36,17.35,17.34,17.39,17.48,17.61,17.48,17.41,16.59,15.76,15.8,na,na,na,na,na,na,na,na,na,na,na,na,na,na,na,na,na,na,na,na,na,na,na,na,na,na,na,na,na,na,na,na,na,na,na,na,na,na,na,na,na,na,na,na,na,na,na,na
Cigarettes (Per Pack),13.27,13.27,13.27,13.27,13.27,13.27,13.27,13.27,13.27,13.27,13.06,13.06,13.06,13.06,13.06,13.06,13.06,13.06,13.06,13.06,13.06,13.06,13.06,13.06,13.06,13.06,13.06,13.06,13.06,13.06,13.06,13.06,13.06,13.06,13.06,13.06,13.06,13.06,13.06,13.06,13.06,13.06,13.09,13.09,13.09,13.09,13.08,13.11,13.18,13.18,13.18,13.18,13.18,13.18,13.18,13.2,13.2,13.21,12.3,12.12,12.12,12.12,12.12,12.12,12.12,12.12,12.12,12.12,12.12,12.1,12.06,12.06,12.06,12.06,12.06,12.06,12.06,12.06,12.06,12.06,12.03,11.99,11.99,11.99,11.99,11.99,11.99,11.99,11.99,11.99,11.99,11.99,11.99,11.99,11.99,11.99,11.99,11.99,11.99,11.99,11.99,11.99,11.99,11.99,11.99,11.65,11.19,11.05,10.83,10.83,10.83,10.88,10.88,10.89,10.91,10.91,10.91,10.85,10.79,10.79,10.79,10.79,10.79,10.82,10.82,10.82,10.82,10.82,10.82,10.82,10.76,10.71,10.71,10.71,10.71,10.71,10.71,10.71,10.79,10.79,10.79,10.79,10.69,10.69,10.69,10.69,10.68,10.68,10.68,10.68,10.68,10.68,10.66,10.61,10.58,10.58
Coffee/Tea Without Milk (Per Cup),1.16,1.16,1.16,1.16,1.15,1.16,1.15,1.15,1.13,1.14,1.11,1.09,1.08,1.08,1.08,1.08,1.08,1.08,1.08,1.08,1.08,1.07,1.07,1.07,1.07,1.07,1.07,1.07,1.07,1.07,1.07,1.07,1.07,1.07,1.06,1.06,1.06,1.06,1.06,1.06,1.06,1.06,1.06,1.06,1.06,1.06,1.05,1.05,1.05,1.04,1.05,1.05,1.04,1.04,1.04,1.04,1.04,1.04,1.04,1.04,1.04,1.04,1.04,1.04,1.03,1.03,1.03,1.03,1.03,1.02,1.02,1.02,1.01,1.01,1.01,1.01,1.01,1.01,1,1,1,1,0.99,0.98,0.98,0.98,0.98,0.98,0.98,0.98,0.98,0.98,0.98,0.98,0.98,0.98,0.97,0.97,0.96,0.96,0.96,0.96,0.96,0.96,0.94,0.94,0.94,0.94,na,na,na,na,na,na,na,na,na,na,na,na,na,na,na,na,na,na,na,na,na,na,na,na,na,na,na,na,na,na,na,na,na,na,na,na,na,na,na,na,na,na,na,na,na,na,na,na
Coffee/Tea With Milk (Per Cup),1.27,1.27,1.27,1.27,1.27,1.27,1.26,1.26,1.25,1.24,1.22,1.21,1.2,1.2,1.19,1.19,1.19,1.19,1.19,1.19,1.19,1.18,1.18,1.18,1.18,1.18,1.17,1.17,1.17,1.17,1.17,1.17,1.17,1.17,1.17,1.17,1.17,1.17,1.17,1.17,1.17,1.17,1.17,1.17,1.17,1.16,1.16,1.16,1.16,1.15,1.16,1.16,1.15,1.15,1.15,1.15,1.15,1.15,1.15,1.15,1.15,1.15,1.15,1.15,1.15,1.15,1.14,1.14,1.14,1.13,1.13,1.13,1.12,1.12,1.12,1.12,1.12,1.12,1.11,1.11,1.1,1.1,1.1,1.09,1.09,1.09,1.09,1.09,1.09,1.09,1.09,1.09,1.09,1.09,1.09,1.09,1.08,1.08,1.08,1.08,1.07,1.07,1.07,1.07,1.05,1.05,1.05,1.05,na,na,na,na,na,na,na,na,na,na,na,na,na,na,na,na,na,na,na,na,na,na,na,na,na,na,na,na,na,na,na,na,na,na,na,na,na,na,na,na,na,na,na,na,na,na,na,na
Fishball Noodle (Per Bowl),3.94,3.9,3.85,3.83,3.8,3.77,3.77,3.74,3.72,3.67,3.64,3.63,3.62,3.59,3.59,3.56,3.54,3.54,3.56,3.54,3.54,3.55,3.55,3.54,3.54,3.54,3.54,3.53,3.5,3.49,3.49,3.49,3.49,3.49,3.47,3.47,3.47,3.47,3.47,3.47,3.46,3.46,3.46,3.45,3.45,3.45,3.42,3.43,3.41,3.41,3.41,3.39,3.39,3.39,3.39,3.36,3.36,3.36,3.33,3.33,3.33,3.33,3.33,3.32,3.32,3.3,3.3,3.3,3.3,3.3,3.3,3.3,3.29,3.28,3.28,3.28,3.28,3.27,3.27,3.25,3.25,3.25,3.24,3.23,3.23,3.23,3.23,3.23,3.22,3.21,3.21,3.21,3.21,3.18,3.18,3.18,3.17,3.16,3.16,3.16,3.16,3.16,3.16,3.16,3.16,3.16,3.11,3.11,na,na,na,na,na,na,na,na,na,na,na,na,na,na,na,na,na,na,na,na,na,na,na,na,na,na,na,na,na,na,na,na,na,na,na,na,na,na,na,na,na,na,na,na,na,na,na,na
Mee Rebus (Per Bowl),3.67,3.63,3.63,3.63,3.63,3.6,3.58,3.53,3.47,3.44,3.4,3.37,3.35,3.33,3.33,3.3,3.34,3.32,3.32,3.32,3.32,3.3,3.3,3.3,3.3,3.3,3.3,3.3,3.3,3.3,3.3,3.3,3.29,3.29,3.29,3.29,3.29,3.29,3.29,3.29,3.29,3.29,3.23,3.23,3.22,3.22,3.22,3.22,3.23,3.23,3.23,3.23,3.23,3.23,3.23,3.22,3.21,3.2,3.19,3.19,3.19,3.19,3.19,3.19,3.17,3.16,3.16,3.16,3.16,3.15,3.13,3.11,3.1,3.1,3.1,3.08,3.08,3.08,3.07,3.06,3.06,3.06,3.05,3.05,3.03,3.03,3.03,3.03,3.02,3.02,3.02,3.01,3,3,2.99,2.99,3,3,3,3,2.98,2.98,2.98,2.98,2.98,2.98,2.98,2.98,na,na,na,na,na,na,na,na,na,na,na,na,na,na,na,na,na,na,na,na,na,na,na,na,na,na,na,na,na,na,na,na,na,na,na,na,na,na,na,na,na,na,na,na,na,na,na,na
Chicken Rice (Per Plate),4.08,4.06,4.03,4.03,3.95,3.93,3.84,3.77,3.72,3.67,3.63,3.59,3.57,3.57,3.56,3.57,3.57,3.55,3.54,3.53,3.53,3.52,3.51,3.51,3.5,3.49,3.49,3.47,3.47,3.47,3.46,3.46,3.46,3.46,3.46,3.44,3.44,3.42,3.42,3.42,3.42,3.4,3.39,3.39,3.39,3.36,3.36,3.38,3.37,3.38,3.38,3.38,3.39,3.37,3.37,3.36,3.35,3.33,3.33,3.3,3.3,3.3,3.3,3.3,3.3,3.3,3.3,3.3,3.29,3.29,3.27,3.27,3.27,3.27,3.27,3.27,3.26,3.26,3.25,3.25,3.24,3.24,3.24,3.22,3.22,3.22,3.22,3.22,3.21,3.21,3.21,3.21,3.21,3.2,3.2,3.19,3.19,3.16,3.16,3.15,3.15,3.15,3.13,3.13,3.13,3.13,3.13,3.13,na,na,na,na,na,na,na,na,na,na,na,na,na,na,na,na,na,na,na,na,na,na,na,na,na,na,na,na,na,na,na,na,na,na,na,na,na,na,na,na,na,na,na,na,na,na,na,na
Chicken Nasi Briyani (Per Plate),6.42,6.4,6.4,6.39,6.32,6.26,6.17,6.11,6.1,6.08,6.04,5.99,5.95,5.92,5.8,5.8,5.8,5.8,5.77,5.77,5.77,5.72,5.73,5.69,5.67,5.67,5.67,5.64,5.64,5.66,5.66,5.66,5.63,5.63,5.63,5.6,5.6,5.6,5.59,5.6,5.58,5.57,5.57,5.57,5.57,5.56,5.56,5.56,5.56,5.6,5.58,5.58,5.58,5.57,5.57,5.58,5.57,5.52,5.52,5.52,5.52,5.52,5.5,5.55,5.55,5.55,5.55,5.49,5.47,5.47,5.47,5.42,5.4,5.38,5.35,5.35,5.33,5.33,5.33,5.33,5.29,5.31,5.24,5.22,5.22,5.22,5.2,5.17,5.17,5.16,5.18,5.17,5.16,5.16,5.16,5.16,5.16,5.14,5.12,5.12,5.12,5.08,5.08,5.08,5.08,5.08,5.13,5.02,na,na,na,na,na,na,na,na,na,na,na,na,na,na,na,na,na,na,na,na,na,na,na,na,na,na,na,na,na,na,na,na,na,na,na,na,na,na,na,na,na,na,na,na,na,na,na,na
Economical Rice (1 Meat & 2 Vegetables) (Per Plate),3.73,3.73,3.72,3.7,3.65,3.6,3.55,3.51,3.48,3.44,3.43,3.42,3.42,3.42,3.41,3.42,3.42,3.41,3.4,3.4,3.39,3.38,3.38,3.38,3.38,3.38,3.38,3.38,3.38,3.38,3.37,3.37,3.37,3.37,3.36,3.35,3.35,3.35,3.35,3.34,3.34,3.34,3.34,3.35,3.34,3.33,3.33,3.31,3.29,3.3,3.29,3.29,3.31,3.3,3.29,3.29,3.29,3.28,3.28,3.29,3.29,3.29,3.29,3.27,3.28,3.28,3.27,3.26,3.26,3.25,3.25,3.25,3.25,3.25,3.25,3.23,3.23,3.23,3.23,3.22,3.21,3.19,3.19,3.19,3.18,3.18,3.17,3.15,3.15,3.15,3.15,3.15,3.14,3.14,3.13,3.12,3.1,3.09,3.09,3.09,3.09,3.09,3.09,3.1,3.07,3.07,3.07,3.07,na,na,na,na,na,na,na,na,na,na,na,na,na,na,na,na,na,na,na,na,na,na,na,na,na,na,na,na,na,na,na,na,na,na,na,na,na,na,na,na,na,na,na,na,na,na,na,na
Roti Prata (Plain) (Per Piece),1.26,1.24,1.23,1.23,1.22,1.22,1.21,1.18,1.18,1.17,1.13,1.13,1.12,1.12,1.12,1.12,1.12,1.12,1.12,1.12,1.11,1.11,1.11,1.11,1.11,1.11,1.11,1.1,1.1,1.1,1.1,1.11,1.11,1.11,1.1,1.1,1.09,1.09,1.09,1.09,1.09,1.09,1.09,1.09,1.09,1.09,1.08,1.09,1.09,1.08,1.08,1.08,1.08,1.08,1.07,1.07,1.07,1.06,1.06,1.06,1.06,1.05,1.05,1.05,1.05,1.05,1.05,1.05,1.05,1.04,1.04,1.04,1.03,1.02,1.03,1.03,1.03,1.02,1.02,1.02,1.02,1.02,1.01,1.01,1.01,1.01,1.01,1,1,1,1,1,0.99,0.99,0.99,0.99,0.98,0.97,0.97,0.97,0.96,0.96,0.96,0.96,0.96,0.96,0.96,0.95,na,na,na,na,na,na,na,na,na,na,na,na,na,na,na,na,na,na,na,na,na,na,na,na,na,na,na,na,na,na,na,na,na,na,na,na,na,na,na,na,na,na,na,na,na,na,na,na
Fried Carrot Cake (Per Plate),3.42,3.42,3.4,3.38,3.37,3.37,3.36,3.35,3.35,3.31,3.27,3.21,3.17,3.16,3.16,3.16,3.16,3.13,3.13,3.13,3.13,3.11,3.1,3.1,3.12,3.12,3.12,3.09,3.09,3.07,3.07,3.07,3.07,3.07,3.07,3.08,3.07,3.07,3.07,3.07,3.07,3.05,3.04,3.04,3.04,3.04,3.03,3.04,3.03,3.01,3.01,3.01,3.01,3.03,3.03,3.01,3.01,3,3,2.96,2.96,2.96,2.96,2.96,2.96,2.96,2.95,2.93,2.93,2.91,2.91,2.91,2.91,2.91,2.91,2.9,2.9,2.88,2.88,2.88,2.88,2.88,2.89,2.87,2.86,2.86,2.86,2.86,2.86,2.86,2.84,2.84,2.84,2.84,2.84,2.82,2.82,2.81,2.79,2.79,2.79,2.79,2.79,2.79,2.79,2.79,2.79,2.79,na,na,na,na,na,na,na,na,na,na,na,na,na,na,na,na,na,na,na,na,na,na,na,na,na,na,na,na,na,na,na,na,na,na,na,na,na,na,na,na,na,na,na,na,na,na,na,na
Ice Kachang (Per Bowl),2.33,2.33,2.33,2.33,2.31,2.3,2.29,2.27,2.26,2.23,2.21,2.16,2.16,2.15,2.15,2.15,2.15,2.15,2.15,2.15,2.15,2.11,2.11,2.1,2.08,2.08,2.08,2.08,2.07,2.07,2.07,2.07,2.07,2.07,2.06,2.06,2.05,2.05,2.04,2.04,2.03,2.03,2.02,2.02,2.02,2.02,2.02,2.02,1.99,1.99,1.99,1.99,1.99,1.99,1.99,1.99,1.98,1.97,1.97,1.97,1.97,1.97,1.97,1.97,1.97,1.97,1.97,1.96,1.96,1.96,1.96,1.95,1.95,1.95,1.94,1.94,1.94,1.94,1.93,1.93,1.92,1.92,1.89,1.89,1.89,1.9,1.9,1.9,1.9,1.9,1.9,1.89,1.89,1.9,1.9,1.9,1.9,1.91,1.91,1.91,1.91,1.91,1.91,1.88,1.88,1.87,1.87,1.84,na,na,na,na,na,na,na,na,na,na,na,na,na,na,na,na,na,na,na,na,na,na,na,na,na,na,na,na,na,na,na,na,na,na,na,na,na,na,na,na,na,na,na,na,na,na,na,na
Diesel (Per Litre),2.39,2.53,2.52,2.54,2.57,2.7,2.81,2.7,2.53,2.47,2.1,1.98,1.93,1.96,1.91,1.85,1.85,1.85,1.78,1.75,1.72,1.73,1.67,1.6,1.56,1.53,1.53,1.53,1.53,1.52,1.5,1.46,1.53,1.62,1.73,1.76,1.75,1.71,1.7,1.69,1.67,1.68,1.68,1.73,1.71,1.65,1.58,1.55,1.56,1.64,1.7,1.64,1.6,1.56,1.55,1.54,1.5,1.48,1.49,1.48,1.44,1.44,1.4,1.36,1.31,1.3,1.31,1.35,1.35,1.34,1.26,1.2,1.15,1.11,1.1,1.06,1.02,1.04,1.05,1.01,0.98,0.98,0.94,0.99,1.07,1.13,1.14,1.12,1.14,1.19,1.27,1.26,1.2,1.2,1.19,1.16,1.27,1.39,1.46,1.52,1.53,1.55,1.56,1.56,1.56,1.56,1.56,1.56,1.53,1.49,1.5,1.52,1.51,1.51,1.47,1.43,1.48,1.55,1.57,1.5,1.46,1.44,1.5,1.51,1.51,1.41,1.4,1.51,1.59,1.59,1.53,1.5,1.46,1.47,1.46,1.44,1.46,1.49,1.48,1.51,1.55,1.49,1.4,1.36,1.31,1.24,1.22,1.2,1.23,1.21,1.22,1.22,1.23,1.2,1.19,1.2
"Petrol, 98 Octane (Per Litre)",3.05,3.14,3.13,3.17,3.21,3.4,3.67,3.5,3.35,3.36,3.11,2.99,2.93,2.97,2.93,2.87,2.87,2.87,2.8,2.77,2.73,2.73,2.57,2.42,2.37,2.33,2.31,2.3,2.29,2.29,2.27,2.28,2.35,2.43,2.54,2.58,2.58,2.55,2.53,2.52,2.5,2.5,2.5,2.55,2.52,2.45,2.4,2.39,2.41,2.49,2.56,2.52,2.49,2.48,2.48,2.48,2.45,2.43,2.43,2.41,2.37,2.38,2.33,2.32,2.31,2.29,2.29,2.3,2.32,2.33,2.36,2.33,2.3,2.26,2.25,2.18,2.14,2.17,2.18,2.13,2.1,2.11,2.08,2.15,2.2,2.25,2.27,2.26,2.27,2.31,2.32,2.27,2.18,2.17,1.97,1.85,1.98,2.11,2.19,2.24,2.25,2.3,2.29,2.28,2.26,2.26,2.23,2.23,2.21,2.21,2.23,2.25,2.24,2.24,2.15,2.11,2.14,2.21,2.25,2.15,2.11,2.08,2.15,2.16,2.14,2.03,2.03,2.14,2.22,2.23,2.16,2.13,2.1,2.1,2.08,2.03,2.02,2.04,2.02,2.05,2.08,2.05,1.99,1.97,1.92,1.84,1.83,1.81,1.84,1.82,1.83,1.85,1.87,1.84,1.83,1.83
"Petrol, 95 Octane (Per Litre)",2.54,2.63,2.62,2.66,2.7,2.91,3.16,2.99,2.84,2.84,2.6,2.49,2.44,2.46,2.42,2.37,2.37,2.36,2.3,2.27,2.24,2.24,2.11,1.98,1.93,1.89,1.89,1.89,1.88,1.88,1.87,1.88,1.95,2.03,2.14,2.19,2.19,2.16,2.14,2.13,2.11,2.11,2.12,2.17,2.14,2.09,2.05,2.05,2.08,2.16,2.25,2.2,2.16,2.15,2.15,2.14,2.1,2.07,2.08,2.1,2.07,2.09,2.05,2.02,1.98,1.96,1.96,1.98,1.98,1.97,1.98,1.94,1.93,1.9,1.88,1.83,1.79,1.81,1.83,1.79,1.75,1.76,1.73,1.8,1.86,1.91,1.94,1.94,1.98,2.02,2.07,2.04,1.95,1.93,1.73,1.67,1.81,1.94,2.02,2.07,2.08,2.13,2.12,2.11,2.1,2.09,2.06,2.06,2.05,2.04,2.06,2.08,2.07,2.07,2,1.96,2,2.07,2.11,2.02,1.98,1.95,2.02,2.03,2.01,1.9,1.9,2.01,2.09,2.1,2.04,2,1.97,1.98,1.98,1.96,1.94,1.96,1.94,1.97,2,1.97,1.91,1.88,1.83,1.75,1.73,1.71,1.74,1.72,1.73,1.76,1.78,1.74,1.74,1.74
"Petrol, 92 Octane (Per Litre)",2.5,2.58,2.57,2.62,2.66,2.86,3.11,2.94,2.8,2.8,2.55,2.45,2.4,2.42,2.38,2.34,2.33,2.33,2.26,2.24,2.2,2.2,2.07,1.94,1.89,1.85,1.85,1.85,1.84,1.84,1.83,1.84,1.92,1.99,2.11,2.15,2.15,2.12,2.11,2.09,2.07,2.07,2.08,2.13,2.1,2.05,2.01,2.01,2.03,2.11,2.19,2.15,2.11,2.1,2.1,2.09,2.05,2.02,2.03,2.04,2.02,2.04,2,1.97,1.93,1.91,1.92,1.93,1.93,1.92,1.93,1.89,1.88,1.85,1.83,1.78,1.74,1.76,1.78,1.74,1.71,1.71,1.68,1.74,1.8,1.85,1.88,1.88,1.92,1.97,2.02,1.99,1.9,1.88,1.68,1.63,1.76,1.9,1.97,2.02,2.03,2.08,2.07,2.06,2.05,2.04,2.01,2.01,1.99,1.98,2,2.02,2.01,2.01,1.94,1.91,1.96,2.03,2.07,1.97,1.93,1.9,1.97,1.98,1.95,1.85,1.85,1.96,2.04,2.05,1.99,1.95,1.92,1.93,1.94,1.91,1.89,1.9,1.89,1.92,1.95,1.91,1.85,1.82,1.77,1.69,1.67,1.65,1.68,1.66,1.67,1.7,1.71,1.68,1.68,1.68
Liquefied Petroleum Gas (LPG) (Per Kilogram),2.69,2.69,2.69,2.77,2.77,2.85,2.89,2.89,2.89,2.97,2.89,2.89,2.89,2.89,2.89,2.89,2.89,2.89,2.89,2.89,2.88,2.88,2.87,2.85,2.83,2.83,2.83,2.83,2.83,2.8,2.8,2.78,2.78,2.78,2.78,2.7,2.65,2.65,2.65,2.65,2.65,2.65,2.65,2.65,2.65,2.65,2.65,2.65,2.67,2.67,2.67,2.67,2.65,2.65,2.65,2.65,2.65,2.63,2.65,2.65,2.66,2.66,2.66,2.57,2.54,2.5,2.5,2.5,2.54,2.59,2.56,2.46,2.42,2.42,2.37,2.34,2.32,2.33,2.35,2.35,2.34,2.33,2.34,2.35,2.36,2.32,2.28,2.28,2.3,2.3,2.33,2.35,2.35,2.34,2.33,2.36,2.47,2.47,2.56,2.56,2.56,2.57,2.57,2.52,2.52,2.57,2.61,2.63,2.82,2.52,2.52,2.52,2.47,2.39,2.39,2.39,2.47,2.52,2.53,2.53,2.53,2.56,2.55,2.52,2.29,2.29,2.32,2.45,2.56,2.68,2.52,2.37,2.34,2.34,2.34,2.35,2.35,2.36,2.36,2.41,2.37,2.31,2.31,2.32,2.24,2.2,2.15,2.15,2.15,2.15,2.15,2.11,2.11,2.11,2.11,2.11
,,,,,,,,,,,,,,,,,,,,,,,,,,,,,,,,,,,,,,,,,,,,,,,,,,,,,,,,,,,,,,,,,,,,,,,,,,,,,,,,,,,,,,,,,,,,,,,,,,,,,,,,,,,,,,,,,,,,,,,,,,,,,,,,,,,,,,,,,,,,,,,,,,,,,,,,,,,,
Footnotes:,,,,,,,,,,,,,,,,,,,,,,,,,,,,,,,,,,,,,,,,,,,,,,,,,,,,,,,,,,,,,,,,,,,,,,,,,,,,,,,,,,,,,,,,,,,,,,,,,,,,,,,,,,,,,,,,,,,,,,,,,,,,,,,,,,,,,,,,,,,,,,,,,,,,,,,,,,,,
"Prices of items starting from January 2019 are based on the 2019-based CPI basket. While they are indicative of the average transaction price levels in the same base period, they are not a measure of pure price movements across CPI baskets due to changes in the sample of brands/varieties and outlets priced. For more information on the CPI rebasing, refer to the Information Paper 'Rebasing of the Consumer Price Index (2019 as Base Year)' (https://www.singstat.gov.sg/-/media/files/publications/economy/ip-e48.pdf).",,,,,,,,,,,,,,,,,,,,,,,,,,,,,,,,,,,,,,,,,,,,,,,,,,,,,,,,,,,,,,,,,,,,,,,,,,,,,,,,,,,,,,,,,,,,,,,,,,,,,,,,,,,,,,,,,,,,,,,,,,,,,,,,,,,,,,,,,,,,,,,,,,,,,,,,,,,,
,,,,,,,,,,,,,,,,,,,,,,,,,,,,,,,,,,,,,,,,,,,,,,,,,,,,,,,,,,,,,,,,,,,,,,,,,,,,,,,,,,,,,,,,,,,,,,,,,,,,,,,,,,,,,,,,,,,,,,,,,,,,,,,,,,,,,,,,,,,,,,,,,,,,,,,,,,,,
Notation:,,,,,,,,,,,,,,,,,,,,,,,,,,,,,,,,,,,,,,,,,,,,,,,,,,,,,,,,,,,,,,,,,,,,,,,,,,,,,,,,,,,,,,,,,,,,,,,,,,,,,,,,,,,,,,,,,,,,,,,,,,,,,,,,,,,,,,,,,,,,,,,,,,,,,,,,,,,,
na   not available or not applicable,,,,,,,,,,,,,,,,,,,,,,,,,,,,,,,,,,,,,,,,,,,,,,,,,,,,,,,,,,,,,,,,,,,,,,,,,,,,,,,,,,,,,,,,,,,,,,,,,,,,,,,,,,,,,,,,,,,,,,,,,,,,,,,,,,,,,,,,,,,,,,,,,,,,,,,,,,,,
nec  not elsewhere classified,,,,,,,,,,,,,,,,,,,,,,,,,,,,,,,,,,,,,,,,,,,,,,,,,,,,,,,,,,,,,,,,,,,,,,,,,,,,,,,,,,,,,,,,,,,,,,,,,,,,,,,,,,,,,,,,,,,,,,,,,,,,,,,,,,,,,,,,,,,,,,,,,,,,,,,,,,,,
nes  not elsewhere specified,,,,,,,,,,,,,,,,,,,,,,,,,,,,,,,,,,,,,,,,,,,,,,,,,,,,,,,,,,,,,,,,,,,,,,,,,,,,,,,,,,,,,,,,,,,,,,,,,,,,,,,,,,,,,,,,,,,,,,,,,,,,,,,,,,,,,,,,,,,,,,,,,,,,,,,,,,,,
 -     nil or negligible or not significant,,,,,,,,,,,,,,,,,,,,,,,,,,,,,,,,,,,,,,,,,,,,,,,,,,,,,,,,,,,,,,,,,,,,,,,,,,,,,,,,,,,,,,,,,,,,,,,,,,,,,,,,,,,,,,,,,,,,,,,,,,,,,,,,,,,,,,,,,,,,,,,,,,,,,,,,,,,,
Notes,,,,,,,,,,,,,,,,,,,,,,,,,,,,,,,,,,,,,,,,,,,,,,,,,,,,,,,,,,,,,,,,,,,,,,,,,,,,,,,,,,,,,,,,,,,,,,,,,,,,,,,,,,,,,,,,,,,,,,,,,,,,,,,,,,,,,,,,,,,,,,,,,,,,,,,,,,,,
Numbers may not add up to the totals due to rounding.,,,,,,,,,,,,,,,,,,,,,,,,,,,,,,,,,,,,,,,,,,,,,,,,,,,,,,,,,,,,,,,,,,,,,,,,,,,,,,,,,,,,,,,,,,,,,,,,,,,,,,,,,,,,,,,,,,,,,,,,,,,,,,,,,,,,,,,,,,,,,,,,,,,,,,,,,,,,
"Data are the latest available at the time of access or download. Some statistics, particularly those for the most recent time periods, are provisional and may be subject to revision at a later date.",,,,,,,,,,,,,,,,,,,,,,,,,,,,,,,,,,,,,,,,,,,,,,,,,,,,,,,,,,,,,,,,,,,,,,,,,,,,,,,,,,,,,,,,,,,,,,,,,,,,,,,,,,,,,,,,,,,,,,,,,,,,,,,,,,,,,,,,,,,,,,,,,,,,,,,,,,,,
Values are shown in Singapore dollars (unless otherwise specified).,,,,,,,,,,,,,,,,,,,,,,,,,,,,,,,,,,,,,,,,,,,,,,,,,,,,,,,,,,,,,,,,,,,,,,,,,,,,,,,,,,,,,,,,,,,,,,,,,,,,,,,,,,,,,,,,,,,,,,,,,,,,,,,,,,,,,,,,,,,,,,,,,,,,,,,,,,,,
,,,,,,,,,,,,,,,,,,,,,,,,,,,,,,,,,,,,,,,,,,,,,,,,,,,,,,,,,,,,,,,,,,,,,,,,,,,,,,,,,,,,,,,,,,,,,,,,,,,,,,,,,,,,,,,,,,,,,,,,,,,,,,,,,,,,,,,,,,,,,,,,,,,,,,,,,,,,
Generated by: SingStat Table Builder,,,,,,,,,,,,,,,,,,,,,,,,,,,,,,,,,,,,,,,,,,,,,,,,,,,,,,,,,,,,,,,,,,,,,,,,,,,,,,,,,,,,,,,,,,,,,,,,,,,,,,,,,,,,,,,,,,,,,,,,,,,,,,,,,,,,,,,,,,,,,,,,,,,,,,,,,,,,
Date generated: 21/02/2023,,,,,,,,,,,,,,,,,,,,,,,,,,,,,,,,,,,,,,,,,,,,,,,,,,,,,,,,,,,,,,,,,,,,,,,,,,,,,,,,,,,,,,,,,,,,,,,,,,,,,,,,,,,,,,,,,,,,,,,,,,,,,,,,,,,,,,,,,,,,,,,,,,,,,,,,,,,,
Contact: info@singstat.gov.sg,,,,,,,,,,,,,,,,,,,,,,,,,,,,,,,,,,,,,,,,,,,,,,,,,,,,,,,,,,,,,,,,,,,,,,,,,,,,,,,,,,,,,,,,,,,,,,,,,,,,,,,,,,,,,,,,,,,,,,,,,,,,,,,,,,,,,,,,,,,,,,,,,,,,,,,,,,,,