,loannumber,loanamount,totaldue,termdays
8a858e345bd96da8015be6b9f8bc10c7,3,10000,13000,30
8a858e6c5bd3fbff015bd408ac3e067a,2,10000,11500,15
8a858e8f5d41c974015d4b7f31865627,2,10000,11500,15
8a858ee55830c4b90158337542ab18a1,6,10000,13000,30
8a858fae5b49223f015b499e1cf9485b,4,10000,13000,30
8a8588fd53c244bc0153c8305ea7338f,4,20000,22250,15
8a8589b953bc23f70153c90114817143,7,30000,39000,60
8a858e02578f616401579484a4963345,12,30000,34500,30
8a858ee454da1cbd0154e2796fba7142,12,30000,34500,30
8a858f8d5cc56f9a015cc57e769908ac,2,10000,13000,30
8a858fa95b631878015b6401c15973f3,3,10000,11500,15
8a8589a453bc422d0153c993db2604b6,11,40000,44000,30
8a858e275c7ea5ec015c82482d7c3996,2,10000,13000,30
8a858e885b68546c015b6cb377c12140,2,10000,13000,30
8a858ee65be8d42d015bea072bee5936,4,20000,24500,30
8a858f3455a0d8070155c5fee7cc0a6d,2,10000,13000,30
8a858f7e5c69a6e3015c69b6aba2072e,2,10000,11500,15
8a858fd25c5a5bc7015c5b63cb92393a,2,10000,13000,30
8a858e0458d4ac3d0158dd57e64e736c,2,10000,13000,30
8a858e1556321b9401564c8d8e8144d8,12,20000,22250,15
8a858e615c832be8015c83b1cd532bb9,3,10000,11500,15
8a858e6e55c554c20155d574b4596645,2,10000,13000,30
8a858e9156e137c601570b2f414c4258,3,10000,13000,30
8a858f1e5aec5791015aecbc59413486,4,10000,11500,15
8a858ff8582fcb8601583e9ee74e1732,6,10000,13000,30
8a858e105bd92644015be762bf10576f,3,10000,13000,30
8a858e675c3fe0a1015c417e73085191,3,20000,22250,15
8a858ed1594a282f01594a4d14f50a58,2,10000,13000,30
8a858f095c3b2c30015c3b5964a111df,2,10000,13000,30
8a858f5f5b39bb0c015b3b298dd1358b,4,10000,11500,15
8a858f9c57f74b1d0157f753c181047e,11,30000,34500,30
8a858fe25ab3f041015ab51fc3c44cbd,4,10000,13000,30
8a858e0f5c45466f015c546652e81026,3,10000,11500,15
8a858e9b5bcf8546015bcfaf5b680756,3,10000,11500,15
8a858ed45becf685015bed6fceb6498b,4,20000,24500,30
8a858fe45cd62cbf015cd63942a40385,2,10000,11500,15
8a858ffa55ca72a50155de6808cd2f3f,9,40000,48000,60
8a858e065ccb8bc0015cce72dd475bfc,2,10000,13000,30
8a858e6d5b62e36f015b668ed4dc3aaa,3,10000,13000,30
8a858eb95a8f9e4c015a91f3f9dc6d7a,2,10000,13000,30
8a858f045bc9690c015bcabf87506275,4,20000,24500,30
8a858f3a58b5b0fe0158b6ca51f756ce,2,10000,13000,30
8a858f6b570f2de9015721e9fbb40ecf,4,10000,13000,30
8a858fb959976ce001599c31ae157981,7,30000,39000,60
8a858ff259d1429e0159d2d0194c4b8e,5,10000,11500,15
8a85896653e2e18b0153ea4c2b00049f,6,10000,12250,30
8a858e7855113fb70155136433e942c9,10,20000,24500,30
8a858e905ce98e8d015cede36efc025d,2,10000,13000,30
8a858ed55c5f1965015c5f58ecbc2069,2,10000,13000,30
8a858ee755a0c84a0155a3b5a9ab2308,10,10000,11500,15
8a858fb15b34a708015b37eeb86e0008,4,10000,13000,30
8a76e7d443e6e97c0143ed0a13cb4f61,4,30000,39000,60
8a858e255b910db1015ba0f1568c39f8,5,20000,24500,30
8a858ea55b58f026015b599e472439d2,3,10000,13000,30
8a858ed25ba09f98015ba9a3696f65db,3,10000,13000,30
8a858f265c2187bd015c3402a9e52573,3,10000,11500,15
8a858f555cc65d60015cc87c7641417a,2,10000,13000,30
8a858f8e5d0dc74e015d0de015760ef2,2,10000,13000,30
8a858fe8555f401f01556dbd487e78d5,5,10000,13000,30
8a8589a453bc422d0153c7b616f60646,10,40000,48000,60
8a858e6d5b252065015b2fa1ee3843da,4,20000,24500,30
8a858ef258d4a48b0158e9fb404a4f72,4,20000,24500,30
8a858e495cef1ef1015cf33d14dd7935,2,10000,12500,30
8a858e9d59e0997b0159ea88a18970b1,5,20000,24500,30
8a858f1a5bd828f9015bd85e04b824f8,3,10000,13000,30
8a858f2f5af5d835015af5db88300242,5,10000,11500,15
8a858f365c83961c015c83a6989c054c,2,10000,13000,30
8a858f665c2142a0015c2eceb8672f3f,3,10000,13000,30
8a858fa7590af88501591230cd1c34b0,2,10000,11500,15
8a858f795896e56b0158a47b8be660c5,3,10000,11500,15
8a858f8a558227f20155862e521949ca,8,20000,24500,30
8a858f985bee01cb015bf16ec19f5383,3,10000,13000,30
8a858f9d5668e3f101567827de3b11f2,5,20000,24500,30
8a858fbb5bf26814015bf27f571811dd,3,10000,11500,15
8a858fd95c3b5bca015c43d710a059bb,3,10000,11500,15
8a858fef570f30e501572962ab8f7a1f,10,20000,24500,30
8a8588fd53c244bc0153c72ed1924a60,17,40000,48000,60
8a858e325b3e903a015b3eb4ce4b2882,3,10000,13000,30
8a858e605ce99f55015ced0a99a63ba4,2,10000,13000,30
8a858ecc5b5defb4015b5ea3f3613ec1,4,10000,11500,15
8a858f2a5ce989dd015ce9fc24b1474b,2,10000,13000,30
8a858f68587f3da1015880ef5d8805b4,9,15000,18375,30
8a858fc45c21da6f015c31f01ed74654,3,10000,13000,30
8a1088a0484472eb01484669e3ce4e0b,2,10000,11500,15
8a85892e5425ad2001543095054f5b28,7,10000,11500,15
8a858e2159f3c9030159f4336f1925f4,9,20000,24500,30
8a858e8d5bf2d0c1015bf34ffdc94e1a,2,10000,13000,30
8a858e935b496584015b496cdac50369,5,10000,11500,15
8a858ec05a9535db015a9b7e03650141,7,30000,39000,60
8a858ec75bfd77c4015bff1610173ed1,2,10000,13000,30
8a858f30551130db0155130b0d0652c4,9,40000,48000,60
8a858f4c5bb597f6015bbdbff82d4971,5,20000,24500,30
8a858f9c56aaf37d0156b7221dc522d4,8,40000,48000,60
8a858fa45bd95e9a015be29a6b136061,3,10000,13000,30
8a858e0156b782a10156beb5c215582e,2,10000,11500,15
8a858e4b5cb1e4d7015cbf51622434f2,2,10000,13000,30
8a858e885c9c6f96015ca07a1fe371fd,2,10000,13000,30
8a858f0c5cc68025015cca6d2f6873fd,2,10000,13000,30
8a858f585cf9d48b015d0a258b75758a,2,10000,11500,15
8a858fb15b34a708015b360a67c61f3a,2,10000,13000,30
8a858fe756939bbb0156b42e72185f25,11,40000,48000,60
8a8588fd53c244bc0153c8251f132fd7,7,10000,13000,30
8a858ff9580b881201581f5624ee7a1b,2,10000,13000,30
8a8588b75438f499015444b1adf70876,10,30000,34500,30
8a858e1c5bab1191015baca490325254,3,10000,13000,30
8a858e6f5668e01701568392953a495d,6,30000,34500,30
8a858ed75bb64559015bbdf931c10be3,4,10000,11500,15
8a858f295c8d307f015c95b5b13724f7,2,10000,13000,30
8a858f685a384e25015a39302e0d48a9,4,10000,11500,15
8a858fc959bc56c80159c034e75a05be,2,10000,11500,15
8a858fee580afd2b01580c5b0ff97399,3,10000,13000,30
8a8588dd54be35520154bf9790ea4a55,2,10000,11500,15
8a858e1d5c5a460c015c5a51775a0613,2,10000,13000,30
8a858e7d595026f80159636aa36f487b,6,10000,11500,15
8a858ebc572e1e3a01572f517e505dc4,8,20000,24500,30
8a858f2c58dc6e680158e2d0956179ca,4,10000,11500,15
8a858f9158be26030158cca6f4aa5f6e,9,20000,22250,15
8a858f0455d9feaf0155e8d773b53966,9,30000,39000,60
8a858f2c58dc6e680158e4e62c3b0ccd,2,10000,13000,30
8a858f6c5a37e2a3015a3914d98f0578,5,10000,13000,30
8a858fc45d4233f2015d46edcac71b83,2,10000,13000,30
8a858ffd5c8d343d015c92886a4b7724,2,10000,13000,30
8a858e165b90faf9015b9ed99b3e0c2d,4,10000,13000,30
8a858e725c3ae262015c3dfc23de0ccf,3,10000,13000,30
8a858eea5c82f136015c82f59f3201c7,2,10000,11500,15
8a858f2656e154de0156f197d9a64b2e,2,10000,11500,15
8a858fa25bd92c20015bdec1e1616d76,3,10000,13000,30
8a858ff554e290e10154f6ff4a302f7e,3,20000,24500,30
8a858e345a04f20b015a0b7763b67cf8,5,10000,11500,15
8a858e6b5ccb6ea8015ccf29e82b1b24,2,10000,13000,30
8a858fe45cd62cbf015ce8a5a46a57a7,2,10000,13000,30
8a858ffd5c8d343d015c9e133a453a31,2,10000,11500,15
8a858e175872e14e015876e1c25212de,6,10000,13000,30
8a858e6f5cd5e874015cead5d36b257a,2,10000,13000,30
8a858ec35a428dcc015a460e4bbe2929,4,10000,11500,15
8a858f0b5b5ddd79015b5e73ab0e5443,5,10000,13000,30
8a858f475b8bd761015b8c03cb5920cf,3,10000,13000,30
8a858f78550ba10401551b5beb391078,2,10000,13000,30
8a858fdc57b91cfc0157d2d576b01016,3,30000,39000,60
8a8588dc536a141301536b50d8aa10b5,14,40000,44000,30
8a858e395ceefc8e015ceefcfdc3005f,2,10000,13000,30
8a858e6c5c88d145015c96155c47559b,2,10000,13000,30
8a858edb5bd936e4015be7b71da27564,3,10000,13000,30
8a858e8e5bed1968015bed2ff2c80fc2,3,10000,13000,30
8a858f585bfd6341015bfed6f96d6046,2,10000,13000,30
8a858f725b49c0c0015b4f1f05784037,8,30000,34500,30
8a858ffc5aa39049015aa5111d27328c,6,30000,34500,30
8a8589ec542eaa89015443b229544ffe,14,40000,44000,30
8a858e2d597cf6250159830fb43c57ac,2,10000,13000,30
8a858e875c63d395015c68fde9f9525a,2,10000,13000,30
8a858f1b5b9136f7015b9f66e5c5327c,4,30000,34500,30
8a858f7e5c69a6e3015c6f838d472fa2,3,10000,11500,15
8a858fb35a9469ec015a94f9554a5d13,4,10000,13000,30
8a858ff9580b881201580bac5a811068,2,10000,11500,15
8a8588f754a058cb0154b922d7fe1ffd,11,40000,48000,60
8a858f3159f585d30159f9b058fc1e2f,6,20000,24500,30
8a858f8e5c5f46fc015c62dc39102d88,2,10000,13000,30
8a858e105bd92644015be472bab768c3,2,10000,13000,30
8a858e5b5ca767e1015ca9d8f9d750f4,2,10000,13000,30
8a858eb65c3b3074015c44572e8e1e23,3,10000,13000,30
8a858f1f586c8fc801586de4f21d0d16,3,10000,13000,30
8a858f6155f96a03015609643bf3459e,5,20000,24500,30
8a858fbc5cc666c8015cc96627e2022d,2,10000,11500,15
8a858ffa5ad810ff015ad82004960681,2,10000,11500,15
8a85890253e2f1180153eabcfe945ac3,6,10000,13000,30
8a8589ec542eaa890154333363443077,10,30000,39000,60
8a858e445cd56553015cd93e66b47d16,2,10000,13000,30
8a858e6a5bfd4b54015c0297d9ee75fb,3,10000,13000,30
8a858ecc5a60be73015a60c1abbe0296,4,10000,13000,30
8a858ed55c5f1965015c623223f50a2c,4,10000,13000,30
8a858f5f55f9698c0156004d35076ede,13,50000,55000,60
8a858f965c6950da015c7afb7d9f426b,2,10000,13000,30
8a858fe45cd62cbf015cd8d4b0473ee5,2,10000,11500,15
8a85886e5410189001541a3d92df3588,12,40000,44000,30
8a858e245b680423015b7533a0a14d64,4,15000,18375,30
8a858e6b5d1885ce015d1888318b0258,2,10000,11500,15
8a858eb85c1be44c015c1c8e37dc38ae,2,10000,11500,15
8a858f055d0e3d8c015d0e7e0b242cf2,2,10000,13000,30
8a858f345c1075d5015c10d553c82ba2,2,10000,11500,15
8a858f495a70f465015a77105b502f88,3,10000,11500,15
8a858fb85b81c658015b81c8079a01b6,4,20000,22250,15
8a858e245b680423015b6d059cd13978,7,20000,21500,15
8a858ecc5a94fab9015aa06814d84c2d,7,30000,39000,60
8a858f095b86f177015b870bcd871302,2,10000,13000,30
8a858f315ccb979d015ccf4c25dd439c,2,10000,13000,30
8a858faf5679a838015692f7a8f831d7,10,40000,48000,60
8a8588dc536a1413015375acd19d4154,3,10000,13000,30
8a8589595384a8530153a32a2e9f584d,5,20000,24500,30
8a858f6c570f2d660157231c6d3e7037,10,35000,42000,60
8a858fd75bc96a6f015bca93597064b2,3,10000,11500,15
8a858ff556236fa8015625ba7aca1533,11,30000,39000,60
8a8589125340c9660153418093970e29,10,20000,24500,30
8a858966538deb19015395798cfa3ee0,4,10000,13000,30
8a858e105c1c09c8015c1fd4eb915326,3,10000,12500,30
8a858e2d5bc95851015bc98eb8fc1575,4,10000,13000,30
8a858e635bd8fe1e015bd92b99e21721,5,20000,22250,15
8a858e6f5cd5e874015ce6601edf7c48,2,10000,13000,30
8a858e7e5b159af5015b159ee41e0440,5,10000,13000,30
8a858e945bfdb9e7015c0fab19aa6d1c,3,10000,11500,15
8a858ea85d0e7ed2015d11f3b4b713fb,2,10000,11500,15
8a858f665c2142a0015c30eb258f3d74,3,10000,13000,30
8a858e875c63d395015c75092d8136d9,2,10000,11500,15
8a858ecb5bf33c30015bf4344b434718,3,10000,13000,30
8a858f0e5a6171ba015a64e154820783,8,20000,24500,30
8a858f305cb1ec4e015cc06c3e78725c,2,10000,13000,30
8a858f3e5885ffa301588dc197775826,12,40000,44000,30
8a858fd3552c756201553571d2fe62e3,11,50000,57500,90
8a858e045b495c30015b4a974c224cf4,3,10000,13000,30
8a858e475c1c2ea7015c1c66467d14ca,2,10000,13000,30
8a858ed75bb64559015bbf81e3632d56,5,20000,24500,30
8a858f475c11bc72015c131399ff0768,3,10000,13000,30
8a858f9d5668e3f101566a6e9722794c,10,30000,39000,60
8a858fd3552c75620155525f87523b72,3,10000,13000,30
8a85888c548fb3d501549593ea277c88,2,10000,13000,30
8a8589d8548faed501549fb0909d12b2,4,30000,34500,30
8a858fd15b15df91015b16a9537a3cf4,7,30000,34500,30
8a858e335c1122c5015c1187707f28ce,3,10000,13000,30
8a858e6c5c88d145015c9dd6f5d21b4b,2,10000,11500,15
8a858e935ba4b360015ba4e2f2810e78,4,20000,24500,30
8a858f2b5bf35819015bf4754ed45734,3,10000,11500,15
8a858f7e5c69a6e3015c77988b05021a,2,10000,13000,30
8a858fc159db69c40159df5366b93d96,4,10000,13000,30
8a858e065ccb8bc0015ccca62cf83466,2,10000,11500,15
8a858e5a5a0477db015a100e94100351,3,10000,13000,30
8a858e705b3a03c7015b3dd170625b29,3,10000,13000,30
8a858ee755a0c84a0155b9c44fbe72c9,2,10000,13000,30
8a858f3e589c406101589ef73f273508,4,20000,24500,30
8a858e255557edfe01556d88b29739df,10,30000,39000,60
8a858e3654e2a82401550addb6133675,12,30000,36000,60
8a858ece58626302015868fab7d51a64,6,10000,13000,30
8a858f115d0e6376015d0f0cfbb13c81,2,10000,11500,15
8a858f7b5989da5401598ec5a8680cdb,2,10000,13000,30
8a858fa25bd92c20015be4e23fd81404,3,10000,13000,30
8a8588f5542eb0d40154334e0a670186,12,40000,48000,60
8a858e275b349e25015b3516dacc53a1,4,20000,22250,15
8a858e6f5668e0170156746590702b81,13,20000,22250,15
8a858ebd5b254c8b015b30b0a0ad33f0,2,10000,13000,30
8a858f0b5ce95a85015cea02c2256301,2,10000,11500,15
8a858f505c7e3a50015c7f8583ce536b,2,10000,13000,30
8a858fc75b90e6b5015b9acbaac827a2,4,10000,11500,15
8a858e005c2154c2015c218a9a451516,2,10000,13000,30
8a858e605ce99f55015cedf2244b175b,2,10000,13000,30
8a858edb5b8210eb015b854c86cf1a6d,4,20000,24500,30
8a858f1554da2c400154e25d20ae34c9,3,10000,13000,30
8a858f9c56aaf37d0156b4a832543398,6,10000,13000,30
8a858fd85b685607015b6ce657912f6d,5,20000,22250,15
8a858e375bcf8394015bd371116d6fba,3,10000,11500,15
8a858e4854d4be9d0154e1713f106e06,6,10000,13000,30
8a858e945bfdb9e7015c07e29b6e24ba,4,10000,11500,15
8a858ed55c63db54015c785fae3160ce,2,10000,13000,30
8a858f505cf46e04015cf760b94b7ef5,2,10000,13000,30
8a858f93572e873c0157515cbeb31187,3,10000,13000,30
8a858fe35b8ba108015b8ba23e8e0143,4,20000,24500,30
8a858fff5800e01e015801d5f11a5f45,14,40000,44000,30
8a8588dc536a1413015376c0e10065b2,8,30000,39000,60
8a85896653e2e18b0153eb033c3b45fd,10,30000,34500,30
8a858e135cb22031015cbb1fe09555f4,2,10000,13000,30
8a858e255557edfe015573d6e4223dc8,10,40000,48000,60
8a858e325ac154c1015ac651913761f4,2,10000,11500,15
8a858e6a5b814a98015b81925abc298e,4,20000,24500,30
8a858e6d5b62e36f015b63142f1c30e8,5,20000,24500,30
8a858e875c63d395015c72a2984d79c5,2,10000,11500,15
8a858f665c45930d015c50b87343345d,2,10000,13000,30
8a858f735b437619015b437bf3d30bdc,3,10000,11500,15
8a858f905c17123d015c177eb04038e4,3,10000,13000,30
8a858f9c56aaf37d0156b726935e2616,13,40000,44000,30
8a858f0e5a6171ba015a664da9bd5b28,2,10000,13000,30
8a858f2e5c699f3a015c6e10b65607c9,2,10000,13000,30
8a858f615aa951e2015aa957a59f07db,7,30000,34500,30
8a858fcf5591c5cf015593299cf75a49,4,10000,13000,30
8a858fea5cc644ae015cc67ece482b6e,2,10000,11500,15
8a85889b53acd0a20153b21f8fc43a12,3,10000,13000,30
8a858e1e5b1fc4ad015b1ff96614226a,7,20000,22250,15
8a858e585693982b015698da71ca5342,10,10000,11500,15
8a858e875c63d395015c69acee7b23e5,2,10000,13000,30
8a858ec65cc6352b015cc9e4d1a71bf1,2,10000,13000,30
8a858f065b1fe50a015b20ca1b6776de,7,30000,34500,30
8a858f305c8dd672015c9665d0c0122b,2,10000,13000,30
8a858fa95c695f85015c779c6bb8403d,2,10000,11500,15
8a858fe55656a93801565f38ead003e0,8,20000,24500,30
8a858e045cd5b1d6015ce403694c1191,2,10000,13000,30
8a858f365b2547f3015b2d7c3d736f1a,7,20000,23000,30
8a858f565af28234015af2e8053c0ada,3,10000,13000,30
8a858f6f5b3f095b015b420385286ad0,4,10000,13000,30
8a858f8f5c87d0c8015c8835a5153de6,2,10000,13000,30
8a858fab5cd5e1a7015cdbcb4ba75d93,2,10000,13000,30
8a858fbd5cd6054a015ce61d008912a3,2,10000,13000,30
8a858ff85bd93919015be5e2ee740cfe,2,10000,13000,30
8a858e0059416900015959ea8c801312,2,10000,13000,30
8a858e5555780ea001557c358eac1a2c,8,25000,28750,30
8a858eda5c8863ff015ca0c606e96219,2,10000,11500,15
8a858f125c5f88b1015c62b300050e57,3,10000,11500,15
8a858f565c3acb9d015c4398b36817a8,3,10000,13000,30
8a858fb557330de101574e0d803b1042,2,10000,13000,30
8a8588235375c27f01537601102f108c,3,20000,22250,15
8a8589b953d0be470153d1069c3f14cd,3,10000,13000,30
8a858e135c78e673015c7c818dbd2262,2,10000,13000,30
8a858e045cd5b1d6015cd6da7b3b4bf2,2,10000,13000,30
8a858e9a54d9121b0154dd1bfff23870,3,10000,13000,30
8a858ed159fabcd30159fb47c7062202,3,10000,13000,30
8a858eda5c8863ff015ca085bbe55038,2,10000,11500,15
8a858f2b5998268e0159a1bb02794eb9,5,20000,22250,15
8a858f545908094b01591c9388130f5d,2,10000,11500,15
8a858eb75c21a2b9015c2b5a48ba4a1e,3,10000,13000,30
8a858ece5c88b58b015c8c3e06741fbf,2,10000,11500,15
8a85889853f0fbaa0153fb9927346076,6,30000,39000,60
8a858e1e54e2aa5a0154e303c246237b,5,10000,11500,15
8a858e625c8d993a015c9334d1f96fba,3,10000,13000,30
8a858edd5b43cf21015b43d651cc0833,2,10000,13000,30
8a858f6e5cb16eb9015cb264c7675236,2,10000,11500,15
8a858fa25cfa127c015cfe948bf927b7,2,10000,11500,15
8a858fda56562f8f01565f8c6f936c46,8,30000,34500,30
8a858e1d5cd58f9e015ceaef264365a0,2,10000,11500,15
8a858e235bd971a4015bda37fb3d2ef6,2,10000,13000,30
8a858e475c127bce015c1a358a222097,3,10000,13000,30
8a858e0256b781d80156c166816621f9,11,30000,34500,30
8a858e5b5bd99460015be71e03dc77ed,3,10000,11500,15
8a858eb35c5f4a42015c627e39b60d6a,2,10000,13000,30
8a858f0456511c9401565a9725555220,3,15000,18375,30
8a858f3e5885ffa301589243e9177b67,2,10000,11500,15
8a858f8e5bf28eca015bf2c99325238f,2,10000,13000,30
8a858fd85507735701550d603b101f21,6,10000,13000,30
8a858eb45c11f9e4015c155381857c47,2,10000,13000,30
8a858ed75bc9016e015bc95fbf6d26e3,3,10000,13000,30
8a858ef45be99ccb015bea1e47041821,2,10000,13000,30
8a858f005a04ae6e015a1010b91f643f,4,10000,11500,15
8a858e345c788b37015c7cc1579416d3,2,10000,13000,30
8a858e6f5cd5e874015ce14db0643f8c,2,10000,13000,30
8a858ece5b0142e3015b0f6361f57d8c,3,10000,13000,30
8a858f3d5add42e2015ae1a08bd806dc,7,30000,34500,30
8a858f8f5bfd3cfa015c0fee74363802,3,20000,24500,30
8a858fc45c21da6f015c341888b47c64,2,10000,13000,30
8a858e675cc6685e015cc71129364424,2,10000,13000,30
8a858e885c63d379015c686565a0408f,3,10000,13000,30
8a858ef25cd0c652015cd3abedd55ac6,2,10000,11500,15
8a858eff5b393484015b393efe3a0bc8,3,10000,13000,30
8a858e885c63d379015c722183815a67,2,10000,11500,15
8a858f365b2547f3015b32e1f8b753c7,3,10000,13000,30
8a858f9956237491015627aff60128c9,4,10000,13000,30
8a858fa35871618e0158775c47d17113,2,10000,13000,30
8a8588ae53f1cb7c015418f319b81ecb,4,10000,13000,30
8a858e365c16bcef015c17a1772f58bd,2,10000,11500,15
8a858eb95591bf00015598cf72920b31,6,30000,34500,30
8a858f0659ac58ce0159aca380b1374f,2,10000,13000,30
8a858f615b910db3015b9d5e2cb60865,3,20000,24500,30
8a858f965c6950da015c7ca00bf21715,3,10000,13000,30
8a858fe5569398920156b6f29b764ab6,3,10000,13000,30
8a858899538ddb8e01539cefcf160450,12,30000,34500,30
8a8588f7548fb0a301549ced5ac07c9d,10,30000,34500,30
8a858f535908095c01591ce9992f00c5,4,10000,13000,30
8a858fe756939bbb0156a9dd11cf4a7c,6,30000,34500,30
8a858e2155defefd0155df91c4f63ade,13,40000,44000,30
8a858e6f5cd5e874015ce10297ed3893,2,10000,13000,30
8a858ee758a4dfbc0158b0eba61a2541,2,10000,13000,30
8a858f475c7ea023015c7f44743f1d04,2,10000,13000,30
8a858fa158f8ee8f0158fe8c5a574064,9,30000,34500,30
8a858fee5c795f65015c7c54b76f0204,2,10000,13000,30
8a85883353d0c4e90153dfca251168bc,9,30000,34500,30
8a858e0156b782a10156c74e46602d88,11,30000,36000,60
8a858eb75c21a2b9015c2c44b7c361da,2,10000,13000,30
8a858ec25a4d1d16015a4d40078b0a73,5,20000,24500,30
8a858e945bfdb9e7015bfe4f9a9a2283,6,20000,22250,15
8a858eac5b3ece95015b427ffc7c3faa,3,10000,13000,30
8a858eba5591bf28015598d9905c1ce2,6,10000,13000,30
8a858eba5c884d2a015c9847893512ca,2,10000,13000,30
8a858edd5c8348c4015c8706b3eb4c5c,2,10000,13000,30
8a858fd458639fcc0158680d96df6d18,10,30000,34500,30
8a858e135cb22031015cb58116983b37,2,10000,13000,30
8a858e585693982b01569a712be80e14,9,40000,48000,60
8a858e675cc6685e015cc9b6072010b5,2,10000,13000,30
8a858e8d56b784480156d65d90d422cb,8,20000,24500,30
8a858ee755a0c84a0155c428789463bc,16,40000,43500,30
8a858f035ab947e3015abe0b9724749a,3,10000,13000,30
8a858fd858e2f19a0158fed15f3a3806,7,10000,11500,15
8a858fee5c795f65015c7c0400af693c,2,10000,13000,30
8a858e0156b782a10156d90febe93799,14,30000,34500,30
8a858e3c5cac9fcc015cb09fdd925a5a,2,10000,13000,30
8a858e715bd3fa19015bd8374ee8611d,4,20000,24500,30
8a858ec95aa84d3c015aa851aaf302d3,5,20000,24500,30
8a858f125c5f88b1015c635135656052,2,10000,13000,30
8a858f585bfd6341015c02982e0b7aff,3,20000,24500,30
8a858f9f5bd99987015be244892f09c4,3,10000,13000,30
8a858fe8586deed301586e21fcbe1254,6,10000,13000,30
8a858fcc5cf4a563015cf4d7285a1700,2,10000,13000,30
8a8589ac53a917ed0153aaed86c82d91,5,10000,13000,30
8a858e6a5c829229015c82ac07c30f58,3,10000,13000,30
8a858eb55cf45581015cf4c50f3d4335,2,10000,13000,30
8a858eec5aaf010c015ab38e3e383120,4,10000,13000,30
8a858f335c8d9723015c9de697d52c35,2,10000,11500,15
8a858f605b911d60015b9b0d0fce6913,4,20000,24500,30
8a858f9f5bd99987015bda1a212c2cb6,2,10000,13000,30
8a858fec5b191fb4015b1985b9d15b9c,4,20000,24500,30
8a858e035693e02901569984732a33ea,12,40000,44000,30
8a858ed457e2e6960157f65462117d64,10,30000,34500,30
8a858eda5c8863ff015c959eef8a4678,2,10000,11500,15
8a858f0456511c94015651c1558f35f1,10,20000,24500,30
8a858f275c451af5015c545fdacf532b,2,10000,13000,30
8a858e0256b781d80156c1a32a2f3369,15,40000,44000,30
8a858e4e5b66d372015b66db5e88070c,3,10000,11500,15
8a858ef25c8393f8015c863b8c0549f7,3,10000,11500,15
8a858eff55a090650155bca5bc8052e0,14,40000,48000,60
8a858f0656b7820c0156bbfed27f3ba2,17,50000,55000,60
8a858f675c1c43bc015c1c63d07b0af4,3,10000,13000,30
8a858fb65b2020b2015b2024d70705d6,4,20000,24500,30
8a858fcf5b39c3ba015b3baf14b64c62,3,10000,11500,15
8a858f375b493337015b4b25205578c3,13,20000,22250,15
8a858f8d56e0c3a70157041167c02cf1,11,10000,13000,30
8a858fbd5cd6054a015ce9193fac3819,2,10000,13000,30
8a858fe8555f401f0155736da4b20e0a,6,10000,13000,30
8a8589a7545186b1015468c4ca294b60,4,10000,13000,30
8a858e435bedeb4f015bee72a6153764,2,10000,13000,30
8a858e69566ae5b801567d7f1d677c71,2,10000,13000,30
8a858edf580afd5e01580b8217652c4b,8,30000,34500,30
8a858f475c7ea023015c7ece3e4a0a8a,2,10000,13000,30
8a858f7e5ba0189c015ba04e54321850,2,10000,13000,30
8a858fca5c830943015c8374df2b4096,3,10000,13000,30
8a858e675c3fe0a1015c565aeb305fe0,3,10000,11500,15
8a858e865b48f46f015b494c22be4663,2,10000,13000,30
8a858e8e58f6d66f0158fd7ee9af731f,9,30000,34500,30
8a858e985ccb51e8015ccba1306828ff,2,10000,13000,30
8a858f13556665aa01556806aeb3036e,18,50000,55000,60
8a858f7b5ca7abe3015cab60bf2e71fb,2,10000,11500,15
8a858faf5679a83801568bbe45ff3d3d,2,10000,13000,30
8a858fb95bd896cc015bd8a3d0c907df,3,10000,13000,30
8a858fd85b685607015b6c5a9fd11890,4,15000,18375,30
8a858fef570f30e501572ab53a6f4acb,2,10000,13000,30
8a8588fd53f1099e01540ec7527b308c,15,40000,44000,30
8a858e2c5aa96d03015aad08250b34f7,4,10000,13000,30
8a858e6359a764180159a89577a06015,10,30000,34500,30
8a858e8e58f6d66f015904a859fd5589,8,10000,11500,15
8a858ed55c63db54015c705c10a864c9,2,10000,13000,30
8a858f0e5a6171ba015a66d7eaf72453,6,20000,24500,30
8a858f78550ba104015511a5d2a42485,4,20000,24500,30
8a858fb85c3b2e0c015c3f2187793fea,2,10000,13000,30
8a858e095aae82b7015aaf6ce0c80432,8,30000,34500,30
8a858eac5c451942015c53be63956f40,2,10000,13000,30
8a858f1955b1c4df0155cfad79641b0a,9,20000,24500,30
8a858f4b55df0f530155ef9862fb1b92,8,15000,17250,30
8a858f855cf94f71015cf952231e0283,2,10000,11500,15
8a858fef570f30e5015720679ff55c37,4,20000,24500,30
8a85893d542e18bc015438b652f841c3,4,10000,13000,30
8a858e245b680423015b70f89d870827,7,30000,34500,30
8a858e2e5bb57a37015bc30f34e02cf7,5,20000,22250,15
8a858e395cb1d4d9015cc0f4883c172c,2,10000,13000,30
8a858e695d1e075c015d1edb95892ad0,2,10000,13000,30
8a858f01588603fa01588cac8678799a,7,10000,11500,15
8a858f695b5cbd3a015b5cd5ff29188a,2,10000,13000,30
8a858f8b5b630942015b631a8db21732,4,10000,11500,15
8a858fa057e2a0a50157ec721ce6096c,7,10000,13000,30
8a858ed55c63db54015c641298671ada,2,10000,13000,30
8a858eff5b393484015b394ef3281e60,4,10000,13000,30
8a858f265c2187bd015c3123033b481a,3,10000,13000,30
8a858f4e5ca72981015cabddf9582fc7,2,10000,13000,30
8a858fb35a6b3924015a6b8d201e3239,5,10000,11500,15
8a8588f853b1b2d40153b2bb48d41263,9,30000,34500,30
8a858e445ca25ee3015ca6e3d4531f02,2,10000,13000,30
8a858ec05ab27176015ab2befe283801,8,20000,24500,30
8a858f0f5bfd79d2015c0d8fe4de6296,2,10000,13000,30
8a858f7057b918e40157d465d8725583,9,40000,48000,60
8a858fab5cd5e1a7015ce4f4759405e8,2,10000,11500,15
8a858ff35af1c396015af1fc915018ca,6,30000,39000,60
8a858e0156b782a10156bbef39622867,4,10000,13000,30
8a858fe25b8c4e5c015b8ca60f8a23f6,6,20000,24500,30
8a858ff455a09f5a0155aaa450751528,12,50000,55000,60
8a858e2d5bb55d46015bc61fa9492de0,3,10000,13000,30
8a858e6d58b0cc520158b12136e119c8,2,10000,11500,15
8a858edb5bd936e4015be280d1ce22c4,3,10000,13000,30
8a858f0c57d3fe8e0157dcd14f854fb7,3,10000,13000,30
8a858f3455a0d8070155c5d69e9600d4,11,40000,44000,30
8a858f745b86e128015b86f743340dc3,4,20000,24500,30
8a858fca5c35df2c015c3841f389641e,2,10000,11500,15
8a8588d653a915270153aa2496f328dc,2,10000,13000,30
8a8588fd53c244bc0153c7b3845e0983,14,40000,48000,60
8a8589a453bc422d0153c7d352751565,5,10000,11500,15
8a858e785a53f8a6015a5acbb0c81532,4,10000,13000,30
8a858e875c63d395015c72552f637255,2,10000,13000,30
8a8589af547ff51b015485b51dfa66b3,4,10000,13000,30
8a858e4f5929c3df01592ae551cb10f2,6,20000,24500,30
8a858e7c587f3319015882b4fa1a157a,11,30000,34500,30
8a858edf5c69a538015c77f4b872748b,2,10000,13000,30
8a858f525ba5119c015ba537934b100e,3,10000,11500,15
8a858f9d5668e3f1015674a656b3274b,12,30000,34500,30
8a858fe756939bbb0156b45c746f61c2,4,20000,24500,30
8a858e685c217d36015c2f09b15a15e9,2,10000,11500,15
8a858e905ce98e8d015cee25944e2724,2,10000,13000,30
8a858ec75bfd77c4015c01a6e2e1199b,3,10000,13000,30
8a858ef55a46c7c8015a471ac5753f02,7,30000,34500,30
8a858f2d5bfcf426015bfd6c3039495d,5,20000,22250,15
8a858f54592214a0015922c0bfa71bd8,4,10000,11500,15
8a858f885adcf4e8015ae2cbe4556d70,4,20000,24500,30
8a858fc05bf7e886015bf849089f3f7c,2,10000,13000,30
8a858e0f5c45466f015c55c7e09d5e9c,2,10000,13000,30
8a858e6f5668e017015684c4a4305d0a,2,10000,13000,30
8a858ee755a0c84a0155bf1b6a02583e,9,10000,13000,30
8a858f225bfdb280015c0742b3c63016,2,10000,13000,30
8a858f68588604400158968766d72335,8,20000,24500,30
8a858fcf558237b40155865605853ffb,3,10000,13000,30
8a8588235384a58d01538faa46246121,9,40000,48000,60
8a858fa45bd95e9a015bdd6768893f4d,3,10000,13000,30
8a858fe05d421ff4015d4c87d2a21ceb,2,10000,13000,30
8a858fea5b8c314d015b8f3fa4a93a11,4,10000,11500,15
8a81890b51d31db90151d5fd989c1dbd,2,10000,13000,30
8a858e245c214660015c301d19ab184f,3,10000,13000,30
8a858eb858b1a6d20158b90ccf8a1298,2,10000,11500,15
8a858eef5554890501556a2471a71e26,7,10000,13000,30
8a858f685aae9a21015aafc38f817511,3,20000,22250,15
8a858fa3586d20e001586d8ef15428c1,8,30000,34500,30
8a858ff5562dc3b601562fffe43c14bc,9,30000,34500,30
8a858e125acd7563015ad16a8f964ab1,4,10000,11500,15
8a858e245c214660015c2fec6a70058e,3,10000,13000,30
8a858f1554e29449015500deb58f1653,15,40000,48000,60
8a858e955cf51403015cf8234be27d07,2,10000,13000,30
8a858ee25b874ecc015b883ecf2f38d8,4,10000,11500,15
8a858ee65be8d42d015be94985db334b,3,10000,13000,30
8a858f30551130db0155118e48f916fa,6,10000,13000,30
8a858f435b6795c5015b67a6af3910e1,3,10000,11500,15
8a858f6e5cb16eb9015cc423ee197af6,2,10000,13000,30
8a858faf56b7821c0156c15de860731e,8,40000,48000,60
8a858fcb5ca240f7015ca66d5be72ba4,3,10000,11500,15
8a858ff55b444a8c015b474b44f9305e,4,15000,18375,30
8a8588c9548a33b201548b3cdb0f0c53,2,10000,13000,30
8a858e285b8b2932015b8b490de61bbe,3,10000,13000,30
8a858e745825a02201582a2ee45b6729,8,30000,39000,60
8a858f0056b7cf8e0156c16478137a36,8,10000,13000,30
8a858f725ad6f19e015ad72130921e81,12,30000,34500,30
8a858fa95c695f85015c7433666039ab,2,10000,13000,30
8a858fee5863a049015867c0ab2c3bc0,4,10000,13000,30
8a85892854a059ed0154aa9b70bc638d,8,10000,13000,30
8a858e0059416900015946224e1779e9,2,10000,13000,30
8a858e135cb22031015cb7c7290c7eef,2,10000,13000,30
8a858e1c56dfea870156ebe73f462f80,12,10000,11500,15
8a858e955cf51403015cf88251eb3019,2,10000,13000,30
8a858ebc572e1e3a015730850b3c727f,16,40000,44000,30
8a858f2a5b3f2121015b4225e2455889,3,10000,13000,30
8a858f615b1ffb14015b2316f57f3839,7,20000,24500,30
8a858f785cea234f015cea462d980b62,2,10000,13000,30
8a858fa05cf48427015cf4b17c751e5f,2,10000,11500,15
8a858fbd5ad1feb0015ad209895209a5,2,10000,13000,30
8a858fcd5bd42c30015bd4c4a81b4025,2,10000,13000,30
8a858ff55b5d377b015b5d42285f0fed,5,20000,24500,30
8a85896653e196390153e1fc6af61411,3,10000,13000,30
8a858e225c404292015c583027e72e02,2,10000,13000,30
8a858fc15b68ba6a015b6bb340945999,5,15000,16687.5,15
8a858fd05bfd7d3c015c025a5aa05908,3,10000,11500,15
8a8588ae53f1cb7c0153ffc5afb330b0,3,10000,13000,30
8a858e2c5cc64f70015cc83a050e57d2,2,10000,13000,30
8a858e7d595026f8015959f2dcd67106,2,10000,13000,30
8a858ec75bfd77c4015bfda261b10b09,2,10000,13000,30
8a858f085a477386015a47fb049e49ca,5,10000,11500,15
8a858f3b5c1c5a08015c1d0f431230ad,3,10000,13000,30
8a858f7d5cf9aef9015cfdca34b13c79,2,10000,11500,15
8a858faa56dffac60156ecc553892ca9,11,40000,44000,30
8a858fd75bb62bbe015bc03ff81245f7,4,10000,13000,30
8a858fff57d1af5d0157dc5a2dfc44bc,10,10000,13000,30
8a8589a453bc422d0153c3b0afc75159,3,10000,13000,30
8a8589d7548fb3a8015494fcc5c34ab3,4,10000,11500,15
8a858e5b5bd99460015bdf2c189d392a,3,10000,13000,30
8a858e875b910dfe015ba4a5adbe3ea5,4,20000,24500,30
8a858ee0560bc07701560d3774b0663c,9,10000,11500,15
8a858e5c5c361f7d015c3970b6676146,2,10000,13000,30
8a858ed55c63db54015c688ccdec0996,2,10000,13000,30
8a858f285c7d70a4015c7dd9108348aa,3,20000,24000,30
8a858f5e5566567d01556f39a8da6f7a,14,30000,33000,30
8a858fc15b68ba6a015b6b094b622d76,3,10000,11500,15
8a8589b953bc23f70153cf2e6d442c45,8,30000,39000,60
8a858e935b496584015b53d101793fbe,3,10000,13000,30
8a858ea35a5b46ec015a5d1596805e48,6,20000,22250,15
8a858f475afb66cd015afb7fd2d11ba5,7,10000,11500,15
8a858f565c3acb9d015c4455228962ad,4,20000,24500,30
8a858f60560bc43d01562157abc56a88,10,40000,48000,60
8a858fca5c35df2c015c38d68d546e8e,3,10000,13000,30
8a858fd3552c756201553429f77a7bbd,6,10000,13000,30
8a858e375b642efc015b660e6d034263,4,15000,18375,30
8a858e7c5b15cf3b015b16ca44495b40,6,30000,34500,30
8a858f005a04ae6e015a09ba8f581cce,3,10000,11500,15
8a858f545c887b44015c8c53080868ac,2,10000,13000,30
8a858f8d56e0c3a70156e40f165d6f7b,9,40000,48000,60
8a858fe957a094e00157adc84aec6ec2,9,30000,39000,60
8a858e54577679a90157778168922c23,3,10000,13000,30
8a858e685c217d36015c223d219926a4,3,10000,13000,30
8a858fd05bfd7d3c015c01cafeeb3cc1,3,10000,13000,30
8a858e045cd5b1d6015cdfdd2d7b1310,2,10000,13000,30
8a858e395cb1d4d9015cbd121e2a20c7,3,10000,12500,30
8a858e6a5bfd4b54015c05a75bed32ac,3,10000,13000,30
8a858ea85d0e7ed2015d118961d67285,2,10000,11500,15
8a858ede5ca210f0015ca65c957e7a59,2,10000,13000,30
8a858f1f5c59cd91015c5e1125d80a5c,2,10000,13000,30
8a858f985bee01cb015bf1a2b3cf6c6c,4,20000,24500,30
8a858fc45c21da6f015c33c76537691b,2,10000,13000,30
8a858e0a5668e69c01567e19e7626d39,2,10000,11500,15
8a858e8759d0442e0159d044a463005d,5,20000,22250,15
8a858ea25bf369e4015bf40f24492e37,3,10000,13000,30
8a858f725be8d4ff015bec5207ce5524,3,10000,13000,30
8a858fc45c21da6f015c24e1eefc34ac,2,10000,11500,15
8a858e0a5b192e2e015b1948fba112cf,3,10000,13000,30
8a858e5b5d37b45d015d3bc259e55449,2,10000,11500,15
8a858eaa55a0b8ae0155a3c170210462,2,10000,13000,30
8a858eed5a476a3c015a4b0017914175,8,30000,34500,30
8a858f295c8d307f015c90210a6848dc,2,10000,13000,30
8a858f61560bc0e5015612044d501fe2,2,10000,13000,30
8a858faf5679a83801567a8ad05d675f,4,20000,24500,30
8a858ece5cd05041015cd485113f01a2,2,10000,11500,15
8a858ed55c63db54015c6d8c404b1af1,3,10000,11500,15
8a858f255ca276c5015ca313a0062913,2,10000,11500,15
8a858f695c34f22e015c35699d3731ae,2,10000,13000,30
8a858fcb5d0ed176015d0ed6ebae01b8,2,10000,13000,30
8a858ffd5caca417015cad3c3d7547e2,2,10000,13000,30
8a858e115af6c526015af8adf8fa3495,6,10000,13000,30
8a858e645654fdc401565f15ee130fde,11,50000,57500,90
8a858ed45bc9a645015bcb3187b8543c,3,10000,13000,30
8a858f3e58b4ff1a0158bff6b8c5080a,2,10000,13000,30
8a858f7e5c213ef4015c2520556801c1,2,10000,13000,30
8a858faf5a28ca05015a31ca3ff82f16,2,10000,13000,30
8a858ff8582fcb86015843ff484e3a1a,12,30000,39000,60
8a8588fd53c244bc0153c2de00633728,4,10000,13000,30
8a858e1d5cd58f9e015cd912f8830794,2,10000,11500,15
8a858ff25b8b1ddb015b8b2f92ff0c68,6,25000,28750,30
8a8588f853b1b2d40153b20c9e9a0666,7,30000,34500,30
8a858e225c404292015c4e2b42c67bbe,2,10000,13000,30
8a858f4958721a8c015874acc2023782,7,10000,13000,30
8a858fda56562f8f01565f928f516cea,2,10000,13000,30
8a858fee5863a049015864ec37223d8b,4,10000,11500,15
8a8588235375c27f015376d27f982c9e,4,20000,24500,30
8a858e4b5a94ae68015a99e158082f22,8,20000,24500,30
8a858eac5c451942015c5082353d7892,2,10000,13000,30
8a858ee75afc09f4015b003afc7010b1,7,20000,22250,15
8a858f1b5b24a6bf015b24c29e5017d9,3,10000,13000,30
8a858f415ba54724015ba58d8b2029cc,4,10000,13000,30
8a858f9d5a8a79c5015a8baaaafb7213,12,30000,34500,30
8a858fd25c5a5bc7015c5dea03764080,4,10000,11125,15
8a858e1e54e2aa5a0154e31e842130b6,7,15000,18375,30
8a858e3d55ca3ef60155db99ec76153d,10,30000,34500,30
8a858e5859f550040159f972cd816893,5,20000,24500,30
8a858e675a3bef15015a3c0f2e700eb7,6,30000,39000,60
8a858e6c5c88d145015c967ac98c63fa,2,10000,11500,15
8a858ec95aa3cc45015aa531200a7925,7,20000,24500,30
8a858f1f5c59cd91015c5e0901a105f1,3,10000,13000,30
8a858e495bf8527e015bf8cea92737d4,2,10000,13000,30
8a858f0a56d3ed1f0156d66e2a5373ef,4,10000,11500,15
8a858f165bf7b5ca015bf7b7fa8700f8,2,10000,13000,30
8a858fa5552add5d01552f0382527a7e,12,40000,44000,30
8a858fb45bb59c21015bc44544c91e59,4,10000,11500,15
8a8589b953bc23f70153c79a4b241b3d,17,40000,44000,30
8a858e345bd96da8015bdf75f0096214,2,10000,13000,30
8a858e655cd0642d015cd4649feb50cb,2,10000,13000,30
8a858ee45b39aa80015b3d2c44840c87,4,10000,13000,30
8a858f2b5c11cabe015c11cce58e025a,2,10000,13000,30
8a858f61587afbaf015882859cca4b5f,3,10000,13000,30
8a858ee0560bc0770156196630ee2e35,9,30000,39000,60
8a858ef258d4a48b0158e24adc722829,9,40000,48000,60
8a858f255cb1710a015cb624f45a277e,2,10000,13000,30
8a858e0156b782a10156bb6e91b8089a,6,30000,39000,60
8a858e6059e0a7080159e4a861cc71eb,6,10000,13000,30
8a858e9059ff9e79015a020e58724c2e,2,10000,13000,30
8a858ee755a0c84a0155bd6f241f4319,3,10000,11500,15
8a858f2a5b3f2121015b404cbaab09da,2,10000,11500,15
8a858f6155781363015588da6be85231,13,40000,44000,30
8a858fc25bafabdc015bb0f4d7906643,4,20000,24500,30
8a858f9b5a42e52f015a45ea99c56a99,5,10000,13000,30
8a858fb95a951d1a015a9627728034e1,5,10000,13000,30
8a858fc25baeeeff015baf4220f02edb,3,20000,24500,30
8a858fcb5ca240f7015ca582b0fa2539,2,10000,13000,30
8a858ff159ad042e0159ad17b9f60a89,7,20000,24500,30
8a858e0256b781d80156c0e6c47c75e9,8,20000,22250,15
8a858e5555780ea001557951c3dc6af3,6,10000,13000,30
8a858e875c63d395015c73ab361a141b,2,10000,13000,30
8a858ed55c63db54015c74f23c2b37f7,2,10000,13000,30
8a858f1554e294490154e3aa3ffe6569,5,20000,24500,30
8a858f555cacacdf015cad647b6e26ad,2,10000,13000,30
8a858f8d56e0c3a70156ffe45aaa277a,2,10000,13000,30
8a858fbf5b3a0b46015b3b03ff5567df,6,10000,11500,15
8a858fdd5d3268a5015d33a81747565a,2,10000,11500,15
8a8589f853f100fb015414f177180117,13,20000,24500,30
8a858e885b68546c015b757f4a705633,7,30000,34500,30
8a858ea35b62a3e1015b62d3ec90281b,3,10000,11500,15
8a858ebd5b254c8b015b2a8321e316b1,7,30000,34500,30
8a858f615623747d01562c548649609d,2,10000,13000,30
8a858f8a558227f20155915162bd53e0,6,10000,13000,30
8a858f9f5679951a015692c661784bb8,5,10000,13000,30
8a858e135cb22031015cbf92f3be3c16,2,10000,13000,30
8a858e5357d823010157ddcb238e0d02,4,10000,13000,30
8a858eac5c451942015c53f18acd04c7,2,10000,13000,30
8a858ef85cf9e152015cfa4236fd2670,2,10000,11500,15
8a858f445a4c929e015a4ca09cf50f44,8,30000,39000,60
8a858f9f5bd99987015be35f3b5730fe,3,10000,13000,30
8a858fe75be82695015be84134cd19b8,3,10000,11500,15
8a858f1f586c8fc8015870ffe8e17424,10,30000,39000,60
8a858f585bfd6341015c024bcc5369b1,2,10000,13000,30
8a858fd75bb62bbe015bc8ac68616fb2,2,10000,13000,30
8a858ff455a09f5a0155b9fdcfca7f3f,2,10000,11500,15
8a858e475c127bce015c15e434622bde,3,10000,13000,30
8a858eb4588604f70158887278a80aae,9,20000,24500,30
8a858f105a4ed440015a5ba5ab1f3ca0,3,10000,11500,15
8a858f605b57bf87015b57c86caa042f,3,10000,13000,30
8a858fab5cd5e1a7015ce60347f43f55,2,10000,13000,30
8a858ff05b1ac77f015b1b0ea58735c2,4,10000,13000,30
8a8588f35451808f01547b8e92ec220d,2,10000,13000,30
8a858e165b90faf9015b973923842ae9,4,20000,24500,30
8a858e64590ae20001591534eb0647ec,3,10000,13000,30
8a858e785c8d9167015c97ca7fbe2c0c,3,10000,13000,30
8a858e875c63d395015c65308d640c0f,2,10000,13000,30
8a858e945bfdb9e7015c0ccf952b0d3e,3,10000,13000,30
8a858e015c58ee6a015c592ed3541c4a,2,10000,13000,30
8a858e5b5ca767e1015caa30f3125abc,2,10000,13000,30
8a858e8a5ca0f59d015ca1736eef3cb3,2,10000,13000,30
8a858f09582a50b201583155980077a9,10,20000,22250,15
8a858f61560bc0e501561c4c492609ef,3,10000,13000,30
8a858fa158f8ee8f0158ffc2f0644e78,2,10000,11500,15
8a85882953bc04f80153bc198e5d0222,2,10000,13000,30
8a858e705b3a03c7015b3b3971af6511,2,10000,11500,15
8a858e7a56e509290156f40f7c2844ae,5,10000,12250,30
8a858e935b496584015b4e93bde25599,7,20000,22250,15
8a858e9b5a61655b015a61e631833c3e,4,10000,13000,30
8a858eba5c884d2a015c959cafd52be5,2,10000,11500,15
8a858f15555455250155593c822b45f0,2,10000,13000,30
8a858f3d5add42e2015ae1446fbf7d56,5,20000,24500,30
8a858fc9580b91da01581bca02085f52,9,30000,34500,30
8a85881a5420ebf101543805f5fb4a09,14,40000,44000,30
8a858e1a59cbf7460159d0335d9a6a03,7,30000,39000,60
8a858f265b394f74015b3954a1400698,2,10000,13000,30
8a858fee58f7c77e0159039ce4725e6f,6,10000,11500,15
8a858fe45a7f52b1015a818bd5ad73a0,4,10000,11500,15
8a85898a53bc15600153c76825c74b94,3,10000,11500,15
8a858e3a5cef882a015cefc0bf3f1fa2,2,10000,11500,15
8a858ed45c454c11015c4e40f6f7640e,2,10000,13000,30
8a858efd5ca70688015ca7ead745627c,2,10000,13000,30
8a858f74584a54aa01585cbeb48f4166,6,10000,13000,30
8a858fc35b347bd4015b348a42791649,3,10000,13000,30
8a858e985885ff6d01588c63a76e3a74,6,10000,11500,15
8a8589f354518554015476f53cc85096,9,40000,48000,60
8a858e5b5bd99460015be19d989363d3,4,20000,24500,30
8a858eba5b681df4015b7bd3405e7934,2,10000,13000,30
8a858eef55548905015572bde55a59e3,5,10000,13000,30
8a858f235b8bf5bc015b8c24d398238b,3,10000,13000,30
8a858f495a7fafc1015a800d307d4d03,5,10000,13000,30
8a858fa25a84fe3b015a852ea1d02175,5,20000,24500,30
8a858ff55b444a8c015b4493c6342f3a,7,30000,34500,30
8a858e555b85f9a2015b8606945a0a8b,6,20000,22250,15
8a858e63599799e901599dce58322a64,8,20000,22250,15
8a858e69566ae5b801566ff083790265,5,20000,24500,30
8a858e6c5c88d145015c9c27783c72a0,2,10000,13000,30
8a858e7b55deef140155e500afb54cc6,12,30000,34500,30
8a858ee45b39aa80015b3ae1004602fa,4,20000,24500,30
8a858f2e5c699f3a015c77aa22ed7f23,2,10000,11500,15
8a858f365c83961c015c87be26386a2f,2,10000,13000,30
8a858f495bcefdb9015bd231d00778ab,3,10000,13000,30
8a858f555cacacdf015cafb65d3e6608,2,10000,11500,15
8a858f665c45930d015c5427f2e26489,3,10000,11500,15
8a858f54589736f40158ac5696443c4b,6,10000,13000,30
8a858f7e5c69a6e3015c7abe2c1b37d3,3,20000,21750,15
8a858fc65c7e0e55015c7f71c0ec64e0,2,10000,13000,30
8a858e135cb22031015cbcf1122f779e,2,10000,13000,30
8a858e5357c8273b0157cf6403254f68,9,30000,34500,30
8a858e785c8d9167015c96e5c3f5091f,3,20000,24500,30
8a858eb75c21a2b9015c2d519a0a727e,2,10000,13000,30
8a858f01587f1f73015881dd10be0f09,4,10000,13000,30
8a858f2b5bf35819015bf3a8d4072974,2,10000,13000,30
8a858fa3586d20e0015871142a6046af,3,10000,13000,30
8a858fd55c45ba15015c53a888e50be7,2,10000,13000,30
8a858e495d1e235c015d22b45ae26f6c,2,10000,11500,15
8a858e6a5cc6b1aa015cc922395235a0,2,10000,13000,30
8a858ec559dbb41a0159dc0a25961fa1,8,30000,39000,60
8a858ecc596e3666015977c3100a7b84,8,30000,34500,30
8a858efd5b39cf3d015b3a347f8a469f,2,10000,11500,15
8a858f305c8dd672015c930f506d4b53,2,10000,13000,30
8a858f615591c2cc01559597a77202c6,3,10000,13000,30
8a858f965bb63a25015bbc7b99e70180,2,10000,13000,30
8a858f985b3db23f015b3de96eac49ca,4,20000,24500,30
8a858fa5552add5d0155356128d8668a,8,20000,24500,30
8a858ff9580b88120158160820c9217b,6,20000,24500,30
8a858e255b910db1015ba0f65f8e3b69,2,10000,13000,30
8a858e6d5b252065015b29d353784928,3,10000,13000,30
8a858e9d5bfd7037015c02983b964527,3,10000,13000,30
8a858f005b396e23015b3995995732bc,6,20000,24500,30
8a858f335c8d9723015c8da0ed2b04bf,3,10000,13000,30
8a858f665c45930d015c509928b92f50,2,10000,13000,30
8a858fde5800dc86015801acc2c759e1,6,30000,39000,60
8a8588f754a058cb0154ba36ffee5c96,13,30000,34500,30
8a858e585693982b01569ad52d7b1498,2,10000,11500,15
8a858e5c56f98bad0156ff01cbd504af,6,10000,13000,30
8a858eb45876dcc501587dae11f2283e,7,10000,13000,30
8a858ef25c8393f8015c87a580106a78,3,10000,13000,30
8a858f1c5ca1e2f9015ca231612f359e,3,10000,13000,30
8a858f335c8d9723015c9cef3ef85af2,2,10000,13000,30
8a858f585a6bfa1d015a6f8b2d582fb9,6,10000,13000,30
8a858f725b49c0c0015b4efd41913c0f,4,10000,13000,30
8a858f7e564ad33801565a5614763e6a,11,50000,52500,30
8a858fd3552c756201553f187a62138c,11,40000,48000,60
8a858fd858d5076d0158d6ee63002351,2,10000,11500,15
8a858899538ddb8e0153a2b555421fc5,14,30000,33000,30
8a858e1d5cd58f9e015ceda385bb359d,2,10000,11500,15
8a858e5c5c361f7d015c398156ef666a,2,10000,13000,30
8a858ecc57b9184b0157c4ffc1b80614,2,10000,13000,30
8a858f0656b7820c0156c92ca3ba436f,2,10000,13000,30
8a858f54589736f40158ab60b3e36a52,4,10000,13000,30
8a858faf5679a838015688de3028143d,3,20000,24500,30
8a858ff257048b50015709ffa148518e,2,10000,13000,30
8a858fc25bafabdc015bb47fda0323e5,4,20000,22250,15
8a858e105bd92644015bded94870560e,4,20000,24500,30
8a858e5b5bd99460015bda6daf5a2d6f,2,10000,13000,30
8a858e955add2971015ae6ef9a655863,6,20000,24500,30
8a858eda5c8863ff015c9dead65807bb,2,10000,13000,30
8a858f255ca276c5015ca40df7f841ca,2,10000,13000,30
8a858f5f5b39bb0c015b3a2c2e0666e5,3,10000,11500,15
8a858f995c5fa060015c63abd4c27a56,2,10000,13000,30
8a858fc55b672960015b672de67d0409,4,10000,13000,30
8a858fed5cabd3a0015cabd44ace0079,2,10000,13000,30
8a858e135c78e673015c794a54092a97,2,10000,13000,30
8a858e345bd96da8015be2ea479a2ade,3,10000,11500,15
8a858e705b3a03c7015b3cbf6832164c,3,20000,24500,30
8a858e9b5a61655b015a61a53637255e,2,10000,11500,15
8a858eac5ad81473015ada3690354aac,14,25000,28750,30
8a858edf5800e03101580744172052fc,2,10000,11500,15
8a858f725d65fce6015d6973ef727ccd,2,10000,13000,30
8a858fbd5cd6054a015cde54dfb866ae,2,10000,13000,30
8a858fe5569398920156a3a9a77b5d02,22,60000,68100,90
8a33a06e4a5075c2014a5295aa0c2224,9,20000,24500,30
8a858e1d5b2510b2015b28ffe3882faa,3,10000,13000,30
8a858e8e59bbadf50159bc079e1a31c1,13,40000,44000,30
8a858ef458d4a52e0158f7a7f43b294b,2,10000,13000,30
8a858f535908095c0159114dfe5e71c4,5,20000,24500,30
8a858f8a5b38c510015b38cca8030b12,3,10000,13000,30
8a858fbf5b3a0b46015b3a75f2633e33,5,20000,24500,30
8a85896653f0fed2015400f8b1973c84,3,10000,11500,15
8a858e0c5bf343de015bf734d8c57f92,3,10000,13000,30
8a858f98560bbe11015617e422ed44ad,7,10000,13000,30
8a858e6c5c88d145015c93ab0c4d2933,2,10000,11500,15
8a858ece5b0142e3015b05df0b13096f,8,30000,39000,60
8a858f2c59cb2d550159cbfe2d45028d,6,10000,13000,30
8a858f6459b2320a0159b23f431f08c6,7,10000,11500,15
8a858fb65b2020b2015b20ab33ab53f8,3,10000,13000,30
8a858ff455a09f5a0155ad03801b3714,3,10000,13000,30
8a858e1c56dfea870156f52d5ff70e20,10,30000,33000,30
8a858e6a5bfd4b54015bfe4453635a92,2,10000,13000,30
8a858eba5c884d2a015c9528bd4f239b,2,10000,13000,30
8a858ec555f96a9a0156057d6e747a06,6,10000,11500,15
8a858edd5c8348c4015c8452bc364cd7,2,10000,13000,30
8a858f2f54e28d530155102a418b6307,9,30000,39000,60
8a858f6057e2dba50157ec38a3a84798,7,10000,11500,15
8a858f675c1c43bc015c1f5eb8737aad,2,10000,13000,30
8a858fe25b8c4e5c015b8c81bb7f1888,4,10000,13000,30
8a858e045cd5b1d6015cdac5a9fe38be,2,10000,13000,30
8a858e3654e2a8240155118fdd72053b,5,30000,34500,30
8a858e705b3a03c7015b3a431c9c1e1c,6,30000,34500,30
8a858f09583f9d20015840275cdc22b4,9,20000,24500,30
8a858f385b34d285015b3852d40b417c,4,10000,11500,15
8a858ef458d4a52e0158d858eb5d6456,6,20000,22250,15
8a858f1f5c59cd91015c5e2eca1f1a04,2,10000,13000,30
8a858f285c44747f015c4504a17c58cd,2,10000,13000,30
8a858f305cb1ec4e015cb2053de10706,2,10000,13000,30
8a858f8f5bfd3cfa015c0b26533902ef,2,10000,13000,30
8a858f965c6950da015c7b953c93484d,2,10000,13000,30
8a858fe75b48bd45015b48bea120024a,4,20000,24500,30
8a85881053bc33670153c1f814696fb8,3,20000,24500,30
8a858e345bd96da8015be47b59666198,3,10000,13000,30
8a858e705cb15527015cba67fc8e37fb,2,10000,13000,30
8a858eb4588604f7015888a52ac5111c,9,30000,39000,60
8a858f1b5b486da9015b4898c28826e2,2,10000,13000,30
8a858f475c11bc72015c11f34af81f66,2,10000,13000,30
8a858f7359221635015922db9f9c2653,7,25000,28750,30
8a858ff85bd93919015be343ec543f5a,2,10000,13000,30
8a8589a453bc422d0153d05a844b6792,13,40000,48000,60
8a858e0a5a85cfaa015a85f21a5e0bea,7,15000,16687.5,15
8a858f725b49c0c0015b4de5320b0e90,2,10000,13000,30
8a858fda5c3b0f1c015c3f6b81446038,4,20000,22250,15
8a858e0b5cf4883c015cf7f00f2b1efc,2,10000,11500,15
8a858e1d5ad28479015ad309602c6027,2,10000,13000,30
8a858e5f5a41b97f015a42210e153657,6,10000,13000,30
8a858e8d5d41c5fd015d421a1e762278,2,10000,13000,30
8a858f275c451af5015c542ab90839e8,3,10000,11500,15
8a858f44578e3d460157964ab3ba7593,12,40000,44000,30
8a858f555cacacdf015caf9e0dfd5c87,2,10000,11500,15
8a858fa55cc5dbbc015cc64148393bd5,2,10000,13000,30
8a858e9d59f013710159f3efc4683cec,5,10000,13000,30
8a858ea45b35639b015b37a9cc3b597e,6,10000,11500,15
8a858edd5aa92207015aa9221ce30007,4,10000,13000,30
8a858f4958721a8c01587e91a7af19af,12,30000,39000,60
8a858fa05908043801591da2a68b288d,7,20000,24500,30
8a858faf5679a83801568596dba677cd,11,50000,57500,90
8a8589f853f100fb0153f5489e6f355a,5,10000,13000,30
8a858e215c7de5f2015c7ea18646502c,2,10000,13000,30
8a858e6656322b0f01564b5e36130b95,2,10000,13000,30
8a858eda5c8863ff015c993591b93efc,2,10000,13000,30
8a858f0f5bfd79d2015c08136407548f,2,10000,13000,30
8a858f745bf29616015bf2e3f2b038f8,2,10000,13000,30
8a858fb45b58ee3b015b5974123a35b9,4,20000,24500,30
8a858ffc5baffa85015bb43ec7b56b00,2,10000,13000,30
8a858e1d5b2510b2015b284ba968098f,5,10000,13000,30
8a858e645654fdc4015655c79af04df0,10,30000,34500,30
8a858eda5c8863ff015c88f52dcb33fd,3,10000,13000,30
8a858f0056b7cf8e0156c212dddd3f13,2,10000,13000,30
8a858f2b5c11cabe015c126b987e58b7,3,10000,11500,15
8a858f6f5b199197015b1997f42f0571,2,10000,11500,15
8a858fb156321969015654c9c420573b,12,30000,39000,60
8a8588ae53f1cb7c0153fefa47f32810,6,10000,13000,30
8a8588fd53c244bc0153c6628bb40fe5,6,20000,24500,30
8a858e7655072083015512a46b441f9e,13,40000,44000,30
8a858f0056b7cf8e0156c0b3f1323b0d,5,20000,24500,30
8a858f0a56ffda56015709bcc2330c44,4,10000,13000,30
8a858f6b570f2de901571b4734224a15,9,50000,57500,90
8a858f73594ab1ea015964b39b815f52,5,10000,13000,30
8a858e245a4f0e47015a5229053e6746,5,20000,24500,30
8a858e655a047d1a015a08e7325312ff,4,10000,13000,30
8a858eae5bb5beb8015bbb0a34bf0472,4,20000,22250,15
8a858f01588603fa01589057d59a49a4,8,30000,34500,30
8a858f335c8d9723015c96e47eaf3ce7,2,10000,13000,30
8a858f6e5cb16eb9015cbfa6891845b2,2,10000,11500,15
8a858fa05908043801590ced4e786bd6,3,10000,13000,30
8a858fcf5a192144015a1d262059287d,8,20000,24500,30
8a858ff554e290e1015503ada2797979,7,30000,39000,60
8a858e6f5668e01701567a9556757b9e,3,10000,13000,30
8a858e725c3ae262015c43c590b614f7,3,10000,11500,15
8a858ea75cef5535015cf0dbda69796c,2,10000,13000,30
8a858f295c8d307f015c9e1d77b1168a,2,10000,13000,30
8a858fa25c120898015c132919e544fc,2,10000,13000,30
8a399f284741b63b0147496a04db1eb4,4,10000,13000,30
8a858e6f5bfd0431015bfd20c76210d3,3,10000,13000,30
8a858ed75bb64559015bc5722032662e,2,10000,13000,30
8a858f40577642af01577a506291185a,3,10000,13000,30
8a858f7558070a84015807cc7e7e3c61,8,10000,13000,30
8a858fe8555f401f01556122503615c1,17,50000,55000,60
8a858ff85bd93919015be207811e0c52,4,10000,13000,30
8a858e345be813ea015bec75f727092e,4,20000,24500,30
8a858e9156e137c601570a050b355c99,3,10000,13000,30
8a858ec75bfd77c4015bfda14bd40a20,3,10000,13000,30
8a858ef85a613c85015a65f7d2321d4f,6,10000,11125,15
8a858f085b494826015b4c9e290c7d30,2,10000,13000,30
8a858f9159ffa7a8015a0048a9df35d6,8,30000,34500,30
8a858fde56eb02280156ff40116b2641,10,30000,39000,60
8a858fe95c88ee44015c8b93b7164cd4,2,10000,13000,30
8a85898a53bc15600153c70d81d41919,4,10000,13000,30
8a858e4b5cb1e4d7015cbc7f1e3e7b96,2,10000,11500,15
8a858e885c63d379015c776e5b957034,2,10000,13000,30
8a858ec358dc5c130158e4df91a874b9,2,10000,11500,15
8a858f255cb1710a015cbb5a301a4768,2,10000,13000,30
8a858f4f5511dca2015516c435bf3d6a,12,50000,57500,90
8a858f955cc6631f015ccabe708129ed,2,10000,13000,30
8a8588dc5384a05f0153a3e02aa271a9,16,40000,48000,60
8a858e3e5b3ee747015b3f5c97746a87,3,10000,13000,30
8a858e69566ae5b801566b5ea4f6269f,7,30000,34500,30
8a858e945bfdb9e7015c03bfb0cb5b78,3,10000,13000,30
8a858eef5554890501556cf996a2495a,10,10000,11500,15
8a858f27597d1c4c01597fa28c661557,5,10000,13000,30
8a858fa154e2912f0154e772203a2dea,12,30000,34500,30
8a858fd45a4260bc015a469e3c74060a,2,10000,13000,30
8a858e0c5519be5401551d86e3f71cba,8,15000,18375,30
8a858e395cb1d4d9015cb2115b1d13d7,2,10000,11500,15
8a858e6d58b0cc520158beeb14b22a5a,2,10000,13000,30
8a858ee85cf400f5015cf44ab1c42d5c,2,10000,13000,30
8a858f365b2547f3015b284597147c94,3,10000,11500,15
8a858f935ca09667015ca0ee3bc63f51,2,10000,13000,30
8a858fd458639fcc015868eb14b542ad,8,30000,34500,30